{
    "data": {
        "headerLinks": {
            "list": [
                {
                    "name": "Knowledge Center",
                    "url": "javascript:;",
                    "code": "",
                    "menu": [
                        {
                            "name": "Kole Imports",
                            "url": "https:\/\/www.koleimports.com\/kole-imports\/",
                            "links": [
                                {
                                    "name": "Our Story",
                                    "url": "https:\/\/www.koleimports.com\/our-story\/"
                                },
                                {
                                    "name": "Join Our Team",
                                    "url": "https:\/\/www.koleimports.com\/join-our-team\/"
                                },
                                {
                                    "name": "Showroom Overview",
                                    "url": "https:\/\/www.koleimports.com\/showroom-overview\/"
                                },
                                {
                                    "name": "Follow Kole Imports on Social Media",
                                    "url": "https:\/\/www.koleimports.com\/follow-koleimports-on-social-media\/"
                                },
                                {
                                    "name": "Kole Imports In The News",
                                    "url": "https:\/\/www.koleimports.com\/koleimports-in-the-news\/"
                                },
                                {
                                    "name": "Trade Shows We Attend",
                                    "url": "https:\/\/www.koleimports.com\/trade-show-we-attend\/"
                                },
                                {
                                    "name": "Testimonials",
                                    "url": "https:\/\/www.koleimports.com\/testimonials\/"
                                }
                            ]
                        },
                        {
                            "name": "Sales",
                            "url": "https:\/\/www.koleimports.com\/sales\/",
                            "links": [
                                {
                                    "name": "Sales Team Overview",
                                    "url": "https:\/\/www.koleimports.com\/sales-team-overview\/"
                                },
                                {
                                    "name": "Why Buy From Kole Imports",
                                    "url": "https:\/\/www.koleimports.com\/why-buy-from-kole-imports\/"
                                },
                                {
                                    "name": "Products We Carry",
                                    "url": "https:\/\/www.koleimports.com\/products-we-carry\/"
                                },
                                {
                                    "name": "Brands We Carry",
                                    "url": "https:\/\/www.koleimports.com\/brands-we-carry\/"
                                },
                                {
                                    "name": "Industries Served ",
                                    "url": "https:\/\/www.koleimports.com\/industries-served\/"
                                },
                                {
                                    "name": "How To Sell On Ebay",
                                    "url": "https:\/\/www.koleimports.com\/how-to-sell-on-ebay\/"
                                },
                                {
                                    "name": "FAQ",
                                    "url": "https:\/\/www.koleimports.com\/sales-faq\/"
                                },
                                {
                                    "name": "Order By Business",
                                    "url": "https:\/\/www.koleimports.com\/order-by-business\/"
                                },
                                {
                                    "name": "Return Policy",
                                    "url": "https:\/\/www.koleimports.com\/returns\/"
                                }
                            ]
                        },
                        {
                            "name": "Product Download",
                            "url": "https:\/\/www.koleimports.com\/sales\/product-feed\/",
                            "links": null
                        },
                        {
                            "name": "Shipping",
                            "url": "https:\/\/www.koleimports.com\/shipping\/",
                            "links": [
                                {
                                    "name": "Warehouse Overview",
                                    "url": "https:\/\/www.koleimports.com\/warehouse-overview\/"
                                },
                                {
                                    "name": "Shipping Department Overview",
                                    "url": "https:\/\/www.koleimports.com\/shippind-dept-overview\/"
                                },
                                {
                                    "name": "How To Organize A Will Call Pickup",
                                    "url": "https:\/\/www.koleimports.com\/how-to-organize-a-will-call-pickup\/"
                                },
                                {
                                    "name": "How To Organize A Local Delivery",
                                    "url": "https:\/\/www.koleimports.com\/how-to-organize-a-local-delivery\/"
                                },
                                {
                                    "name": "LTL Ground Freight Option",
                                    "url": "https:\/\/www.koleimports.com\/ground-freight-as-ship-method\/"
                                },
                                {
                                    "name": "Orders With Shipping Labels",
                                    "url": "https:\/\/www.koleimports.com\/shipping-labels-as-ship-method\/"
                                },
                                {
                                    "name": "Using A Freight Broker ",
                                    "url": "https:\/\/www.koleimports.com\/using-a-freight-broker\/"
                                },
                                {
                                    "name": "Shipping FedEx International",
                                    "url": "https:\/\/www.koleimports.com\/shipping-fedex-international\/"
                                },
                                {
                                    "name": "Using An Ocean Container",
                                    "url": "https:\/\/www.koleimports.com\/ocean-container\/"
                                }
                            ]
                        },
                        {
                            "name": "Closeouts",
                            "url": "https:\/\/www.koleimports.com\/closeouts\/",
                            "links": [
                                {
                                    "name": "What Is A Closeout",
                                    "url": "https:\/\/www.koleimports.com\/what-is-a-closeout\/"
                                },
                                {
                                    "name": "Closeout Buying Form",
                                    "url": "https:\/\/www.koleimports.com\/closeout-buying-form\/"
                                },
                                {
                                    "name": "Selling Closeouts to Kole Imports",
                                    "url": "https:\/\/www.koleimports.com\/selling-closeouts-to-koleimports\/"
                                },
                                {
                                    "name": "Types of Products We Buy",
                                    "url": "https:\/\/www.koleimports.com\/types-of-products-we-buy\/"
                                }
                            ]
                        },
                        {
                            "name": "FBA Sales",
                            "url": "https:\/\/www.koleimports.com\/fba-sales\/",
                            "links": [
                                {
                                    "name": "Placing Your FBA Orders",
                                    "url": "https:\/\/www.koleimports.com\/placing-your-fba-orders\/"
                                },
                                {
                                    "name": "FBA Guide",
                                    "url": "https:\/\/www.koleimports.com\/fbaguide\/"
                                },
                                {
                                    "name": "FBA Guia",
                                    "url": "https:\/\/www.koleimports.com\/fba-guia\/"
                                },
                                {
                                    "name": "Product Setup In Seller Central",
                                    "url": "https:\/\/www.koleimports.com\/product-setup-in-seller-central\/"
                                },
                                {
                                    "name": "Picking FBA Products",
                                    "url": "https:\/\/www.koleimports.com\/picking-fba-products\/"
                                },
                                {
                                    "name": "FBA Offerings",
                                    "url": "https:\/\/www.koleimports.com\/fba-offerings\/"
                                },
                                {
                                    "name": "FBA FAQ",
                                    "url": "https:\/\/www.koleimports.com\/fba-faq\/"
                                }
                            ]
                        },
                        {
                            "name": "Community Outreach",
                            "url": "https:\/\/www.koleimports.com\/community-outreach\/",
                            "links": [
                                {
                                    "name": "Supporting Charities",
                                    "url": "https:\/\/www.koleimports.com\/supporting-charities\/"
                                },
                                {
                                    "name": "Kole Cares",
                                    "url": "https:\/\/www.koleimports.com\/kole-cares\/"
                                },
                                {
                                    "name": "Pearl Endowment",
                                    "url": "https:\/\/www.koleimports.com\/pear-endowment\/"
                                },
                                {
                                    "name": "Donations Request",
                                    "url": "https:\/\/www.koleimports.com\/donations-request\/"
                                },
                                {
                                    "name": "2016 Thank You Note",
                                    "url": "https:\/\/www.koleimports.com\/2016-thank-you\/"
                                }
                            ]
                        }
                    ]
                },
                {
                    "name": "Careers",
                    "url": "https:\/\/www.koleimports.com\/careers\/",
                    "code": "",
                    "menu": []
                },
                {
                    "name": "Contact Us",
                    "url": "https:\/\/www.koleimports.com\/contact-us\/",
                    "code": "",
                    "menu": []
                },
                {
                    "name": "Get Coupons",
                    "url": "javascript:;",
                    "code": "coupons",
                    "menu": []
                },
                {
                    "name": "Express Order",
                    "url": "https:\/\/www.koleimports.com\/checkout\/cart#checkout-add-sku\/",
                    "code": "",
                    "menu": []
                }
            ]
        },
        "topMenuInfo": {
            "list": [
                {
                    "name": "Categories",
                    "url": "javascript:;",
                    "icon": "",
                    "subcategory": [],
                    "special_category": [
                        {
                            "category_info": [
                                {
                                    "name": "Apparel",
                                    "url": "https:\/\/www.koleimports.com\/apparel"
                                },
                                {
                                    "name": "Automotive Supplies",
                                    "url": "https:\/\/www.koleimports.com\/automotive-supplies"
                                },
                                {
                                    "name": "Barbecue",
                                    "url": "https:\/\/www.koleimports.com\/barbeque"
                                },
                                {
                                    "name": "Bed & Bath",
                                    "url": "https:\/\/www.koleimports.com\/bed-bath"
                                },
                                {
                                    "name": "Cosmetics",
                                    "url": "https:\/\/www.koleimports.com\/cosmetics"
                                },
                                {
                                    "name": "Crafts",
                                    "url": "https:\/\/www.koleimports.com\/crafts"
                                },
                                {
                                    "name": "Electronics",
                                    "url": "https:\/\/www.koleimports.com\/electronics"
                                }
                            ]
                        },
                        {
                            "category_info": [
                                {
                                    "name": "Fashion Accessories",
                                    "url": "https:\/\/www.koleimports.com\/fashion-accessories"
                                },
                                {
                                    "name": "Games",
                                    "url": "https:\/\/www.koleimports.com\/games"
                                },
                                {
                                    "name": "Gift Wrapping",
                                    "url": "https:\/\/www.koleimports.com\/gift-wrapping"
                                },
                                {
                                    "name": "Hair Care",
                                    "url": "https:\/\/www.koleimports.com\/hair-care"
                                },
                                {
                                    "name": "Hardware",
                                    "url": "https:\/\/www.koleimports.com\/hardware"
                                },
                                {
                                    "name": "Health Care",
                                    "url": "https:\/\/www.koleimports.com\/health-care"
                                },
                                {
                                    "name": "Home Decor",
                                    "url": "https:\/\/www.koleimports.com\/home-decor"
                                }
                            ]
                        },
                        {
                            "category_info": [
                                {
                                    "name": "Household Supplies",
                                    "url": "https:\/\/www.koleimports.com\/household-supplies"
                                },
                                {
                                    "name": "Jewelry",
                                    "url": "https:\/\/www.koleimports.com\/jewelry"
                                },
                                {
                                    "name": "Key Chains",
                                    "url": "https:\/\/www.koleimports.com\/key-chains"
                                },
                                {
                                    "name": "Kitchen & Dining",
                                    "url": "https:\/\/www.koleimports.com\/kitchen-dining"
                                },
                                {
                                    "name": "Lighting",
                                    "url": "https:\/\/www.koleimports.com\/lighting"
                                },
                                {
                                    "name": "Lawn & Garden",
                                    "url": "https:\/\/www.koleimports.com\/outdoor-living"
                                },
                                {
                                    "name": "Party Supplies",
                                    "url": "https:\/\/www.koleimports.com\/party-supplies"
                                }
                            ]
                        },
                        {
                            "category_info": [
                                {
                                    "name": "Personal Care",
                                    "url": "https:\/\/www.koleimports.com\/personal-care"
                                },
                                {
                                    "name": "Pet Supplies",
                                    "url": "https:\/\/www.koleimports.com\/pet-supplies"
                                },
                                {
                                    "name": "Photo Storage & Display",
                                    "url": "https:\/\/www.koleimports.com\/photo-storage-display"
                                },
                                {
                                    "name": "Pallets & Dump Displays",
                                    "url": "https:\/\/www.koleimports.com\/pallets-dump-displays"
                                },
                                {
                                    "name": "School & Office Supplies",
                                    "url": "https:\/\/www.koleimports.com\/school-office-supplies"
                                },
                                {
                                    "name": "Scrapbooking",
                                    "url": "https:\/\/www.koleimports.com\/scrapbooking"
                                },
                                {
                                    "name": "Seasonal",
                                    "url": "https:\/\/www.koleimports.com\/seasonal"
                                }
                            ]
                        },
                        {
                            "category_info": [
                                {
                                    "name": "Sewing & Needlecrafts",
                                    "url": "https:\/\/www.koleimports.com\/sewing-needlecrafts"
                                },
                                {
                                    "name": "Sporting Goods",
                                    "url": "https:\/\/www.koleimports.com\/sporting-goods"
                                },
                                {
                                    "name": "Tools",
                                    "url": "https:\/\/www.koleimports.com\/tools"
                                },
                                {
                                    "name": "Toys",
                                    "url": "https:\/\/www.koleimports.com\/toys"
                                },
                                {
                                    "name": "Travel Goods",
                                    "url": "https:\/\/www.koleimports.com\/travel-goods-3d823682c4f39dfd15515b5351336536"
                                },
                                {
                                    "name": "Vision Care",
                                    "url": "https:\/\/www.koleimports.com\/vision-care"
                                }
                            ]
                        }
                    ]
                },
                {
                    "name": "Price",
                    "url": "javascript:;",
                    "icon": "",
                    "subcategory": [
                        {
                            "name": "$0.00 - $0.25",
                            "url": "https:\/\/www.koleimports.com\/shopbyprice\/index\/index?price=577"
                        },
                        {
                            "name": "$0.26 - $0.50",
                            "url": "https:\/\/www.koleimports.com\/shopbyprice\/index\/index?price=578"
                        },
                        {
                            "name": "$0.51 - $0.75",
                            "url": "https:\/\/www.koleimports.com\/shopbyprice\/index\/index?price=579"
                        },
                        {
                            "name": "$0.76 - $1.00",
                            "url": "https:\/\/www.koleimports.com\/shopbyprice\/index\/index?price=580"
                        },
                        {
                            "name": "$1.01 - $2.00",
                            "url": "https:\/\/www.koleimports.com\/shopbyprice\/index\/index?price=581"
                        },
                        {
                            "name": "$2.01 - $3.00",
                            "url": "https:\/\/www.koleimports.com\/shopbyprice\/index\/index?price=582"
                        },
                        {
                            "name": "$3.01 - $4.00",
                            "url": "https:\/\/www.koleimports.com\/shopbyprice\/index\/index?price=583"
                        },
                        {
                            "name": "$4.01 - $5.00",
                            "url": "https:\/\/www.koleimports.com\/shopbyprice\/index\/index?price=584"
                        },
                        {
                            "name": "$5.01 - $10.00",
                            "url": "https:\/\/www.koleimports.com\/shopbyprice\/index\/index?price=585"
                        },
                        {
                            "name": "$10.01 +",
                            "url": "https:\/\/www.koleimports.com\/shopbyprice\/index\/index?price=586"
                        }
                    ],
                    "special_category": []
                },
                {
                    "name": "Collections",
                    "url": "javascript:;",
                    "icon": "",
                    "subcategory": [
                        {
                            "name": "Pop Culture Licensed Items",
                            "url": "https:\/\/www.koleimports.com\/collections\/pop-culture-licensed"
                        },
                        {
                            "name": "Cool Gadgets",
                            "url": "https:\/\/www.koleimports.com\/collections\/cool-gadgets"
                        },
                        {
                            "name": "Disaster Preparedness ",
                            "url": "https:\/\/www.koleimports.com\/collections\/disaster-preparedness-i"
                        },
                        {
                            "name": "PPE Products",
                            "url": "https:\/\/www.koleimports.com\/collections\/ppe-products"
                        },
                        {
                            "name": "Spa Collection",
                            "url": "https:\/\/www.koleimports.com\/collections\/spa-collection"
                        }
                    ],
                    "special_category": []
                },
                {
                    "name": "Closeouts",
                    "url": "https:\/\/www.koleimports.com\/specials\/closeouts",
                    "icon": "",
                    "subcategory": [],
                    "special_category": []
                },
                {
                    "name": "Best Sellers",
                    "url": "https:\/\/www.koleimports.com\/specials\/best-sellers",
                    "icon": "",
                    "subcategory": [],
                    "special_category": []
                },
                {
                    "name": "Clearance Sale",
                    "url": "https:\/\/www.koleimports.com\/specials\/wholesale-best-sellers-sale",
                    "icon": "",
                    "subcategory": [],
                    "special_category": []
                },
                {
                    "name": "New Arrivals",
                    "url": "https:\/\/www.koleimports.com\/new-arrivals",
                    "icon": "",
                    "subcategory": [],
                    "special_category": []
                },
                {
                    "name": "Limited Time Offers",
                    "url": "https:\/\/www.koleimports.com\/limitedtimeoffers",
                    "icon": "limited",
                    "subcategory": [],
                    "special_category": []
                }
            ]
        }
    }
}