[
{"Title": "Activity Book Maze Craze 2asst In Pdq Ppd $3.95", "Price": "$0.75", "UPC": "0-88908-13800-1", "Item #": "1138", "Quantity In Case Pack": "24", "Description": "Activity Book Maze Craze 2asst In Pdq Ppd $3.95", "image_url": "https://regentproducts.com/images/1138.jpg", "url": "https://regentproducts.com/product_info.php?cPath=4&products_id=89&osCsid=9j3fviciff2tdrjkkunt267rh4"},
{"Title": "Board Books Spanish 4 Asst In 24 Pc Pdq", "Price": "$0.80", "UPC": "8-14625-01688-5", "Item #": "6217", "Quantity In Case Pack": "48", "Description": "Board Books Spanish 4 Asst In 24 Pc Pdq", "image_url": "https://regentproducts.com/images/6217.jpg", "url": "https://regentproducts.com/product_info.php?cPath=4&products_id=823&osCsid=9j3fviciff2tdrjkkunt267rh4"},
{"Title": "At Your Leisure Word Find-2 Asst In Pdq Ppc 4.95", "Price": "$0.75", "UPC": "0-88908-34030-5", "Item #": "3403", "Quantity In Case Pack": "24", "Description": "At Your Leisure Word Find-2 Asst In Pdq Ppc 4.95", "image_url": "https://regentproducts.com/images/3403.jpg", "url": "https://regentproducts.com/product_info.php?cPath=4&products_id=430&osCsid=9j3fviciff2tdrjkkunt267rh4"},
{"Title": "Board Book Spanish Teaching Tabs 4 Assorted", "Price": "$0.80", "UPC": "8-14625-01687-8", "Item #": "6216", "Quantity In Case Pack": "48", "Description": "Board Book Spanish Teaching Tabs 4 Assorted", "image_url": "https://regentproducts.com/images/6216.jpg", "url": "https://regentproducts.com/product_info.php?cPath=4&products_id=822&osCsid=9j3fviciff2tdrjkkunt267rh4"},
{"Title": "Board Books Mighty Movers 2 Assorted In Pdq", "Price": "$0.75", "UPC": "0-88908-52630-3", "Item #": "5263", "Quantity In Case Pack": "48", "Description": "Board Books Mighty Movers 2 Assorted In Pdq", "image_url": "https://regentproducts.com/images/5263.jpg", "url": "https://regentproducts.com/product_info.php?cPath=4&products_id=2717&osCsid=9j3fviciff2tdrjkkunt267rh4"},
{"Title": "Activity Books School Zone #5 Mazes/word Search 2 Assorted Pdq", "Price": "$0.75", "UPC": "VARIOUS-0", "Item #": "6343", "Quantity In Case Pack": "24", "Description": "Activity Books School Zone #5 Mazes/word Search 2 Assorted Pdq", "image_url": "https://regentproducts.com/images/6343.jpg", "url": "https://regentproducts.com/product_info.php?cPath=4&products_id=831&osCsid=9j3fviciff2tdrjkkunt267rh4"},
{"Title": "Board Books Spanish Learning 4 Asst In 24pc Pdq", "Price": "$0.80", "UPC": "8-14625-01680-9", "Item #": "6219", "Quantity In Case Pack": "48", "Description": "Board Books Spanish Learning 4 Asst In 24pc Pdq", "image_url": "https://regentproducts.com/images/6219.jpg", "url": "https://regentproducts.com/product_info.php?cPath=4&products_id=824&osCsid=9j3fviciff2tdrjkkunt267rh4"},
{"Title": "Bible Stories Read And Color 2 Asstd Easy Tear Out Pages In 24 Ct Pdq", "Price": "$0.75", "UPC": "8-14625-01239-9", "Item #": "2121", "Quantity In Case Pack": "24", "Description": "Bible Stories Read And Color 2 Asstd Easy Tear Out Pages In 24 Ct Pdq", "image_url": "https://regentproducts.com/images/2121.jpg", "url": "https://regentproducts.com/product_info.php?cPath=4&products_id=281&osCsid=9j3fviciff2tdrjkkunt267rh4"},
{"Title": "Board Book Baby Animals 2 Assorted In Pdq", "Price": "$0.75", "UPC": "0-88908-52670-9", "Item #": "5267", "Quantity In Case Pack": "48", "Description": "Board Book Baby Animals 2 Assorted In Pdq", "image_url": "https://regentproducts.com/images/5267.jpg", "url": "https://regentproducts.com/product_info.php?cPath=4&products_id=2718&osCsid=9j3fviciff2tdrjkkunt267rh4"},
{"Title": "Activity Books School Zone #4 Hidden Pics/connect Dots Pdq 2 Assorted", "Price": "$0.75", "UPC": "VARIOUS-0", "Item #": "6342", "Quantity In Case Pack": "24", "Description": "Activity Books School Zone #4 Hidden Pics/connect Dots Pdq 2 Assorted", "image_url": "https://regentproducts.com/images/6342.jpg", "url": "https://regentproducts.com/product_info.php?cPath=4&products_id=830&osCsid=9j3fviciff2tdrjkkunt267rh4"},
{"Title": "Color/activity Book Tough Truck In Pdq 2asst Ppd $4.95", "Price": "$0.75", "UPC": "0-88908-48501-3", "Item #": "148501", "Quantity In Case Pack": "24", "Description": "Color/activity Book Tough Truck In Pdq 2asst Ppd $4.95", "image_url": "https://regentproducts.com/images/148501.jpg", "url": "https://regentproducts.com/product_info.php?cPath=4&products_id=153&osCsid=9j3fviciff2tdrjkkunt267rh4"},
{"Title": "Color/activity Book Princess Foil/embossed In 24 Pc Pdq Made In Usa", "Price": "$0.80", "UPC": "8-14625-01229-0", "Item #": "02115", "Quantity In Case Pack": "24", "Description": "Color/activity Book Princess Foil/embossed In 24 Pc Pdq Made In Usa", "image_url": "https://regentproducts.com/images/02115.jpg", "url": "https://regentproducts.com/product_info.php?cPath=4&products_id=6&osCsid=9j3fviciff2tdrjkkunt267rh4"},
{"Title": "Color/activity Book Spanish Angels 2 Asst In 24pc Pdq", "Price": "$0.75", "UPC": "8-14625-01430-0", "Item #": "4021", "Quantity In Case Pack": "24", "Description": "Color/activity Book Spanish Angels 2 Asst In 24pc Pdq", "image_url": "https://regentproducts.com/images/4021.jpg", "url": "https://regentproducts.com/product_info.php?cPath=4&products_id=492&osCsid=9j3fviciff2tdrjkkunt267rh4"},
{"Title": "Color/activity Book Bilingual Mermaids In Pdq 2 Assorted", "Price": "$0.75", "UPC": "8-14625-01408-9", "Item #": "4008", "Quantity In Case Pack": "24", "Description": "Color/activity Book Bilingual Mermaids In Pdq 2 Assorted", "image_url": "https://regentproducts.com/images/4008.jpg", "url": "https://regentproducts.com/product_info.php?cPath=4&products_id=487&osCsid=9j3fviciff2tdrjkkunt267rh4"},
{"Title": "Color/activity Book Dinosaurs Foil/embossed In 24pc Pdq Made In Usa", "Price": "$0.80", "UPC": "8-14625-01259-7", "Item #": "2132", "Quantity In Case Pack": "24", "Description": "Color/activity Book Dinosaurs Foil/embossed In 24pc Pdq Made In Usa", "image_url": "https://regentproducts.com/images/2132.jpg", "url": "https://regentproducts.com/product_info.php?cPath=4&products_id=283&osCsid=9j3fviciff2tdrjkkunt267rh4"},
{"Title": "Color/activity Book Bilingual Fixx It Brothers 96pg/24pc Pdq 2 Assorted", "Price": "$0.75", "UPC": "8-14625-01428-7", "Item #": "4019", "Quantity In Case Pack": "24", "Description": "Color/activity Book Bilingual Fixx It Brothers 96pg/24pc Pdq 2 Assorted", "image_url": "https://regentproducts.com/images/4019.jpg", "url": "https://regentproducts.com/product_info.php?cPath=4&products_id=490&osCsid=9j3fviciff2tdrjkkunt267rh4"},
{"Title": "Color/activity Book Bilingual Aviones 2 Asst In 24pc Pdq", "Price": "$0.75", "UPC": "8-14625-01429-4", "Item #": "4020N", "Quantity In Case Pack": "24", "Description": "Color/activity Book Bilingual Aviones 2 Asst In 24pc Pdq", "image_url": "https://regentproducts.com/images/4020N.jpg", "url": "https://regentproducts.com/product_info.php?cPath=4&products_id=491&osCsid=9j3fviciff2tdrjkkunt267rh4"},
{"Title": "Color/activity Book Animal Rescue 2 Asst In Pdq Ppd $3.95", "Price": "$0.75", "UPC": "0-88908-48503-7", "Item #": "148503", "Quantity In Case Pack": "24", "Description": "Color/activity Book Animal Rescue 2 Asst In Pdq Ppd $3.95", "image_url": "https://regentproducts.com/images/148503.jpg", "url": "https://regentproducts.com/product_info.php?cPath=4&products_id=154&osCsid=9j3fviciff2tdrjkkunt267rh4"},
{"Title": "Color By Number Book 4 Assorted In Pdq", "Price": "$0.87", "UPC": "8-14625-07029-0", "Item #": "7029", "Quantity In Case Pack": "48", "Description": "Color By Number Book 4 Assorted In Pdq", "image_url": "https://regentproducts.com/images/7029.jpg", "url": "https://regentproducts.com/product_info.php?cPath=4&products_id=937&osCsid=9j3fviciff2tdrjkkunt267rh4"},
{"Title": "Color Activity Book Girls Cand Do Everything 2 Asst Flr Dspl", "Price": "$0.75", "UPC": "0-88908-17021-6", "Item #": "1702F", "Quantity In Case Pack": "120", "Description": "Color Activity Book Girls Cand Do Everything 2 Asst Flr Dspl", "image_url": "https://regentproducts.com/images/1702F.jpg", "url": "https://regentproducts.com/product_info.php?cPath=4&products_id=2984&osCsid=9j3fviciff2tdrjkkunt267rh4"},
{"Title": "Color & Activity Unicorn Magic 2 Assorted Titles In Pdq", "Price": "$0.75", "UPC": "0-88908-73501-9", "Item #": "1735P", "Quantity In Case Pack": "24", "Description": "Color & Activity Unicorn Magic 2 Assorted Titles In Pdq", "image_url": "https://regentproducts.com/images/1735P.jpg", "url": "https://regentproducts.com/product_info.php?cPath=4&products_id=183&osCsid=9j3fviciff2tdrjkkunt267rh4"},
{"Title": "Christmas Coloring Book Foil Stamped 4 Assorted In 20pc Pdq", "Price": "$0.80", "UPC": null, "Item #": "RCM20705", "Quantity In Case Pack": "20", "Description": "Christmas Coloring Book Foil Stamped 4 Assorted In 20pc Pdq", "image_url": "https://regentproducts.com/images/RCM20705.jpg", "url": "https://regentproducts.com/product_info.php?cPath=4&products_id=2633&osCsid=9j3fviciff2tdrjkkunt267rh4"},
{"Title": "Chicken Soup For The Soul Word Finds Inspirational 2 Asst Ppd $3.95", "Price": "$0.75", "UPC": "0-88908-36200-0", "Item #": "3362", "Quantity In Case Pack": "36", "Description": "Chicken Soup For The Soul Word Finds Inspirational 2 Asst Ppd $3.95", "image_url": "https://regentproducts.com/images/3362.jpg", "url": "https://regentproducts.com/product_info.php?cPath=4&products_id=426&osCsid=9j3fviciff2tdrjkkunt267rh4"},
{"Title": "Christmas Coloring Book Disney 2 Assorted In 24pc Pdq", "Price": "$0.80", "UPC": null, "Item #": "RCM20187", "Quantity In Case Pack": "24", "Description": "Christmas Coloring Book Disney 2 Assorted In 24pc Pdq", "image_url": "https://regentproducts.com/images/RCM20187.jpg", "url": "https://regentproducts.com/product_info.php?cPath=4&products_id=3391&osCsid=9j3fviciff2tdrjkkunt267rh4"},
{"Title": "Book Chicken Soup/soul \\'asthma\\' Softcover Ppc $4.99", "Price": "$0.60", "UPC": "NO UPC-0", "Item #": "30410", "Quantity In Case Pack": "36", "Description": "Book Chicken Soup/soul 'asthma' Softcover Ppc $4.99", "image_url": "https://regentproducts.com/images/30410.jpg", "url": "https://regentproducts.com/product_info.php?cPath=4&products_id=401&osCsid=9j3fviciff2tdrjkkunt267rh4"},
{"Title": "Coloring Book Adult 2 Asst Random Designs In Pdq Ppd $3.95", "Price": "$0.75", "UPC": "0-88908-18131-1", "Item #": "1812", "Quantity In Case Pack": "48", "Description": "Coloring Book Adult 2 Asst Random Designs In Pdq Ppd $3.95", "image_url": "https://regentproducts.com/images/1812.jpg", "url": "https://regentproducts.com/product_info.php?cPath=4&products_id=189&osCsid=9j3fviciff2tdrjkkunt267rh4"},
{"Title": "Coloring Book Disney Princess In 24pc Display", "Price": "$0.80", "UPC": "8-05219-43033-0", "Item #": "45768", "Quantity In Case Pack": "24", "Description": "Coloring Book Disney Princess In 24pc Display", "image_url": "https://regentproducts.com/images/45768.jpg", "url": "https://regentproducts.com/product_info.php?cPath=4&products_id=3375&osCsid=9j3fviciff2tdrjkkunt267rh4"},
{"Title": "Coloring Book Disney Dumbo In 24 Pc Display Box", "Price": "$0.80", "UPC": "8-05219-45930-0", "Item #": "45930", "Quantity In Case Pack": "24", "Description": "Coloring Book Disney Dumbo In 24 Pc Display Box", "image_url": "https://regentproducts.com/images/45930.jpg", "url": "https://regentproducts.com/product_info.php?cPath=4&products_id=659&osCsid=9j3fviciff2tdrjkkunt267rh4"},
{"Title": "Coloring Book Dinosaurs Fierce In Floor Display Ppd $3.95", "Price": "$0.75", "UPC": "0-88908-73900-0", "Item #": "73900", "Quantity In Case Pack": "120", "Description": "Coloring Book Dinosaurs Fierce In Floor Display Ppd $3.95", "image_url": "https://regentproducts.com/images/73900.jpg", "url": "https://regentproducts.com/product_info.php?cPath=4&products_id=966&osCsid=9j3fviciff2tdrjkkunt267rh4"},
{"Title": "Coloring Book Despicable Me 3 96 Pages In 24pc Display Box", "Price": "$0.80", "UPC": "8-05219-40651-9", "Item #": "40651", "Quantity In Case Pack": "24", "Description": "Coloring Book Despicable Me 3 96 Pages In 24pc Display Box", "image_url": "https://regentproducts.com/images/40651.jpg", "url": "https://regentproducts.com/product_info.php?cPath=4&products_id=503&osCsid=9j3fviciff2tdrjkkunt267rh4"},
{"Title": "Coloring Book Crazy Carzz Activity In 24 Ct Pdq", "Price": "$0.75", "UPC": "8-14625-01248-1", "Item #": "2125", "Quantity In Case Pack": "24", "Description": "Coloring Book Crazy Carzz Activity In 24 Ct Pdq", "image_url": "https://regentproducts.com/images/2125.jpg", "url": "https://regentproducts.com/product_info.php?cPath=4&products_id=282&osCsid=9j3fviciff2tdrjkkunt267rh4"},
{"Title": "Coloring Book By The Numbers 2 Asst In Pdq Display Ref 2102", "Price": "$0.75", "UPC": "8-14625-01202-3", "Item #": "21020", "Quantity In Case Pack": "24", "Description": "Coloring Book By The Numbers 2 Asst  In Pdq Display Ref 2102", "image_url": "https://regentproducts.com/images/21020.jpg", "url": "https://regentproducts.com/product_info.php?cPath=4&products_id=274&osCsid=9j3fviciff2tdrjkkunt267rh4"},
{"Title": "Coloring Book Frozen 2 In 24pc Display", "Price": "$0.80", "UPC": "8-05219-48815-7", "Item #": "48815", "Quantity In Case Pack": "24", "Description": "Coloring Book Frozen 2 In 24pc Display", "image_url": "https://regentproducts.com/images/48815.jpg", "url": "https://regentproducts.com/product_info.php?cPath=4&products_id=691&osCsid=9j3fviciff2tdrjkkunt267rh4"},
{"Title": "Coloring Book Bug Time 2 Asst In Floor Display Ppd $3.95", "Price": "$0.75", "UPC": "0-88908-70600-2", "Item #": "6706", "Quantity In Case Pack": "120", "Description": "Coloring Book Bug Time 2 Asst In Floor Display Ppd $3.95", "image_url": "https://regentproducts.com/images/6706.jpg", "url": "https://regentproducts.com/product_info.php?cPath=4&products_id=895&osCsid=9j3fviciff2tdrjkkunt267rh4"},
{"Title": "Coloring Book Foil Unicorn 4 Assorted In Pdq", "Price": "$0.77", "UPC": "8-14625-05081-0", "Item #": "6046V", "Quantity In Case Pack": "48", "Description": "Coloring Book Foil Unicorn 4 Assorted In Pdq", "image_url": "https://regentproducts.com/images/6046V.jpg", "url": "https://regentproducts.com/product_info.php?cPath=4&products_id=809&osCsid=9j3fviciff2tdrjkkunt267rh4"},
{"Title": "Coloring Book Flamingo 80 Pg 2 Assorted In Pdq", "Price": "$0.75", "UPC": "8-14625-07072-6", "Item #": "2172", "Quantity In Case Pack": "24", "Description": "Coloring Book Flamingo 80 Pg 2 Assorted In Pdq", "image_url": "https://regentproducts.com/images/2172.jpg", "url": "https://regentproducts.com/product_info.php?cPath=4&products_id=288&osCsid=9j3fviciff2tdrjkkunt267rh4"},
{"Title": "Coloring Book Emoji Fun 2 Assorted In Pdq", "Price": "$0.75", "UPC": "8-14625-01292-4", "Item #": "2158", "Quantity In Case Pack": "24", "Description": "Coloring Book Emoji Fun 2 Assorted In Pdq", "image_url": "https://regentproducts.com/images/2158.jpg", "url": "https://regentproducts.com/product_info.php?cPath=4&products_id=284&osCsid=9j3fviciff2tdrjkkunt267rh4"},
{"Title": "Coloring Book Disney Princess In 24pc Display", "Price": "$0.80", "UPC": "8-05219-43723-0", "Item #": "45767", "Quantity In Case Pack": "24", "Description": "Coloring Book Disney Princess In 24pc Display", "image_url": "https://regentproducts.com/images/45767.jpg", "url": "https://regentproducts.com/product_info.php?cPath=4&products_id=3374&osCsid=9j3fviciff2tdrjkkunt267rh4"},
{"Title": "Coloring Book Blues Clues & You 2 Assorted In 24pc Display", "Price": "$0.80", "UPC": "8-05219-48532-3", "Item #": "48532", "Quantity In Case Pack": "24", "Description": "Coloring Book Blues Clues & You 2 Assorted In 24pc Display", "image_url": "https://regentproducts.com/images/48532.jpg", "url": "https://regentproducts.com/product_info.php?cPath=4&products_id=3377&osCsid=9j3fviciff2tdrjkkunt267rh4"},
{"Title": "Coloring Book Billingual Fairy Tale 2 Assorted In Pdq Snow White/alice In Wonderland", "Price": "$0.75", "UPC": "8-14625-01438-6", "Item #": "4029", "Quantity In Case Pack": "24", "Description": "Coloring Book Billingual Fairy Tale 2 Assorted In Pdq Snow White/alice In Wonderland", "image_url": "https://regentproducts.com/images/4029.jpg", "url": "https://regentproducts.com/product_info.php?cPath=4&products_id=496&osCsid=9j3fviciff2tdrjkkunt267rh4"},
{"Title": "Coloring Book Bug Time 2 Asst In Floor Display Ppd $3.95", "Price": "$0.75", "UPC": "0-88908-70600-2", "Item #": "6706-96", "Quantity In Case Pack": "96", "Description": "Coloring Book Bug Time 2 Asst In Floor Display Ppd $3.95", "image_url": "https://regentproducts.com/images/6706-96.jpg", "url": "https://regentproducts.com/product_info.php?cPath=4&products_id=896&osCsid=9j3fviciff2tdrjkkunt267rh4"},
{"Title": "Coloring Book Bilingual Fairy Tale 2 Assorted In Pdq Cinderella/junglebook", "Price": "$0.75", "UPC": "8-14625-01437-9", "Item #": "4028", "Quantity In Case Pack": "24", "Description": "Coloring Book Bilingual Fairy Tale 2 Assorted In Pdq Cinderella/junglebook", "image_url": "https://regentproducts.com/images/4028.jpg", "url": "https://regentproducts.com/product_info.php?cPath=4&products_id=495&osCsid=9j3fviciff2tdrjkkunt267rh4"},
{"Title": "Coloring Book Bilingual Fairy Tale 2 Assorted In Pdq Beauty & The Beast/pinocchio", "Price": "$0.75", "UPC": "8-14625-01436-2", "Item #": "4027", "Quantity In Case Pack": "24", "Description": "Coloring Book Bilingual Fairy Tale 2 Assorted In Pdq Beauty & The Beast/pinocchio", "image_url": "https://regentproducts.com/images/4027.jpg", "url": "https://regentproducts.com/product_info.php?cPath=4&products_id=494&osCsid=9j3fviciff2tdrjkkunt267rh4"},
{"Title": "Coloring Book Bilingual Emoji Fun 2 Assorted In Pdq", "Price": "$0.75", "UPC": "8-14625-01435-5", "Item #": "4026", "Quantity In Case Pack": "24", "Description": "Coloring Book Bilingual Emoji Fun 2 Assorted In Pdq", "image_url": "https://regentproducts.com/images/4026.jpg", "url": "https://regentproducts.com/product_info.php?cPath=4&products_id=493&osCsid=9j3fviciff2tdrjkkunt267rh4"},
{"Title": "Coloring Book Baby Shark Underwater Wonder In 24pc Disply", "Price": "$0.80", "UPC": "8-05219-47170-8", "Item #": "49067-24", "Quantity In Case Pack": "24", "Description": "Coloring Book Baby Shark Underwater Wonder In 24pc Disply", "image_url": "https://regentproducts.com/images/49067-24.jpg", "url": "https://regentproducts.com/product_info.php?cPath=4&products_id=3378&osCsid=9j3fviciff2tdrjkkunt267rh4"},
{"Title": "Coloring Book Baby 4 Assorted In Pdq", "Price": "$0.77", "UPC": "8-14625-07030-6", "Item #": "7030", "Quantity In Case Pack": "48", "Description": "Coloring Book Baby 4 Assorted In Pdq", "image_url": "https://regentproducts.com/images/7030.jpg", "url": "https://regentproducts.com/product_info.php?cPath=4&products_id=938&osCsid=9j3fviciff2tdrjkkunt267rh4"},
{"Title": "Coloring Book Avengers In 24pc Display Box", "Price": "$0.80", "UPC": "8-05219-45757-3", "Item #": "45757", "Quantity In Case Pack": "24", "Description": "Coloring Book Avengers In 24pc Display Box", "image_url": "https://regentproducts.com/images/45757.jpg", "url": "https://regentproducts.com/product_info.php?cPath=4&products_id=653&osCsid=9j3fviciff2tdrjkkunt267rh4"},
{"Title": "Coloring Book Adult Random Desings In Pdq Ppd $3.95", "Price": "$0.75", "UPC": "0-88908-18101-4", "Item #": "1809", "Quantity In Case Pack": "48", "Description": "Coloring Book Adult Random Desings In Pdq   Ppd $3.95", "image_url": "https://regentproducts.com/images/1809.jpg", "url": "https://regentproducts.com/product_info.php?cPath=4&products_id=187&osCsid=9j3fviciff2tdrjkkunt267rh4"},
{"Title": "Coloring Book Adult Animals 32 Pg In Pdq Foil Cover", "Price": "$0.80", "UPC": "8-14625-05082-7", "Item #": "6045", "Quantity In Case Pack": "48", "Description": "Coloring Book Adult Animals 32 Pg In Pdq Foil Cover", "image_url": "https://regentproducts.com/images/6045.jpg", "url": "https://regentproducts.com/product_info.php?cPath=4&products_id=808&osCsid=9j3fviciff2tdrjkkunt267rh4"},
{"Title": "Coloring Book Adult 4 Asst Random Designs In Floor Display Ppd $3.95", "Price": "$0.75", "UPC": "0-88908-18000-0", "Item #": "B1800", "Quantity In Case Pack": "72", "Description": "Coloring Book Adult 4 Asst Random Designs In Floor Display Ppd $3.95", "image_url": "https://regentproducts.com/images/B1800.jpg", "url": "https://regentproducts.com/product_info.php?cPath=4&products_id=1134&osCsid=9j3fviciff2tdrjkkunt267rh4"},
{"Title": "Coloring Book Shimmer & Shine In 24 Pc Display Box", "Price": "$0.80", "UPC": "8-05219-44760-4", "Item #": "45451", "Quantity In Case Pack": "24", "Description": "Coloring Book Shimmer & Shine In 24 Pc Display Box", "image_url": "https://regentproducts.com/images/45451.jpg", "url": "https://regentproducts.com/product_info.php?cPath=4&products_id=651&osCsid=9j3fviciff2tdrjkkunt267rh4"},
{"Title": "Coloring Book Giant Fairy Tales 4 Assorted Stories", "Price": "$0.50", "UPC": "VARIOUS-0", "Item #": "5533", "Quantity In Case Pack": "24", "Description": "Coloring Book Giant Fairy Tales 4 Assorted Stories", "image_url": "https://regentproducts.com/images/5533.jpg", "url": "https://regentproducts.com/product_info.php?cPath=4&products_id=756&osCsid=9j3fviciff2tdrjkkunt267rh4"},
{"Title": "Coloring Book Rainbocorns In 24pc Display Box", "Price": "$0.80", "UPC": "8-05219-48826-3", "Item #": "48826", "Quantity In Case Pack": "24", "Description": "Coloring Book Rainbocorns In 24pc Display Box", "image_url": "https://regentproducts.com/images/48826.jpg", "url": "https://regentproducts.com/product_info.php?cPath=4&products_id=692&osCsid=9j3fviciff2tdrjkkunt267rh4"},
{"Title": "Coloring Book Spanish Unicorn In Pdq", "Price": "$0.75", "UPC": "8-14625-01439-3", "Item #": "4030", "Quantity In Case Pack": "24", "Description": "Coloring Book Spanish Unicorn In Pdq", "image_url": "https://regentproducts.com/images/4030.jpg", "url": "https://regentproducts.com/product_info.php?cPath=4&products_id=497&osCsid=9j3fviciff2tdrjkkunt267rh4"},
{"Title": "Coloring Book Spanish In Pdq Petey And Pirates", "Price": "$0.75", "UPC": "8-14625-01419-5", "Item #": "4015", "Quantity In Case Pack": "24", "Description": "Coloring Book Spanish In Pdq Petey And Pirates", "image_url": "https://regentproducts.com/images/4015.jpg", "url": "https://regentproducts.com/product_info.php?cPath=4&products_id=489&osCsid=9j3fviciff2tdrjkkunt267rh4"},
{"Title": "Coloring Book Spanish Flinstones 2 Assorted In Pdq", "Price": "$0.70", "UPC": "8-14525-01524-7", "Item #": "6052", "Quantity In Case Pack": "24", "Description": "Coloring Book Spanish Flinstones 2 Assorted In Pdq", "image_url": "https://regentproducts.com/images/6052.jpg", "url": "https://regentproducts.com/product_info.php?cPath=4&products_id=811&osCsid=9j3fviciff2tdrjkkunt267rh4"},
{"Title": "Coloring Book Sloth/flamingo/ Llama 32 Pg In Pdq 3 Asst Foil Cover", "Price": "$0.80", "UPC": "8-14625-07037-5", "Item #": "7037", "Quantity In Case Pack": "48", "Description": "Coloring Book Sloth/flamingo/ Llama 32 Pg In Pdq 3 Asst Foil Cover", "image_url": "https://regentproducts.com/images/7037.jpg", "url": "https://regentproducts.com/product_info.php?cPath=4&products_id=939&osCsid=9j3fviciff2tdrjkkunt267rh4"},
{"Title": "Coloring Book Skulls 4 Asst 32 Pg In Pdq Foil Cover", "Price": "$0.80", "UPC": "8-14625-07038-2", "Item #": "7038", "Quantity In Case Pack": "48", "Description": "Coloring Book Skulls 4 Asst 32 Pg In Pdq Foil Cover", "image_url": "https://regentproducts.com/images/7038.jpg", "url": "https://regentproducts.com/product_info.php?cPath=4&products_id=940&osCsid=9j3fviciff2tdrjkkunt267rh4"},
{"Title": "Coloring Book Princess In Pdq 2 Asst With Bonus Cut Out", "Price": "$0.75", "UPC": "8-14625-01205-4", "Item #": "2105", "Quantity In Case Pack": "24", "Description": "Coloring Book Princess In Pdq 2 Asst With Bonus Cut Out", "image_url": "https://regentproducts.com/images/2105.jpg", "url": "https://regentproducts.com/product_info.php?cPath=4&products_id=275&osCsid=9j3fviciff2tdrjkkunt267rh4"},
{"Title": "Coloring Book Puppy Dog Pals In 24pc Display Box", "Price": "$0.80", "UPC": "8-05219-47727-4", "Item #": "47727", "Quantity In Case Pack": "24", "Description": "Coloring Book Puppy Dog Pals In 24pc Display Box", "image_url": "https://regentproducts.com/images/47727.jpg", "url": "https://regentproducts.com/product_info.php?cPath=4&products_id=679&osCsid=9j3fviciff2tdrjkkunt267rh4"},
{"Title": "Coloring Book Paw Patrol Pups On Patrol In 24pc Display", "Price": "$0.80", "UPC": "8-05219-45871-6", "Item #": "45871", "Quantity In Case Pack": "24", "Description": "Coloring Book Paw Patrol Pups On Patrol In 24pc Display", "image_url": "https://regentproducts.com/images/45871.jpg", "url": "https://regentproducts.com/product_info.php?cPath=4&products_id=657&osCsid=9j3fviciff2tdrjkkunt267rh4"},
{"Title": "Coloring Book Princess 2 Asst W/bonus Cut Outs In Pdq", "Price": "$0.75", "UPC": "8-14625-01209-2", "Item #": "2109", "Quantity In Case Pack": "24", "Description": "Coloring Book Princess 2 Asst W/bonus Cut Outs In Pdq", "image_url": "https://regentproducts.com/images/2109.jpg", "url": "https://regentproducts.com/product_info.php?cPath=4&products_id=277&osCsid=9j3fviciff2tdrjkkunt267rh4"},
{"Title": "Coloring Book Princess Bilingual In Pdq W/bonus Cut Out", "Price": "$0.75", "UPC": "8-14625-01405-8", "Item #": "4005", "Quantity In Case Pack": "24", "Description": "Coloring Book Princess Bilingual In Pdq W/bonus Cut Out", "image_url": "https://regentproducts.com/images/4005.jpg", "url": "https://regentproducts.com/product_info.php?cPath=4&products_id=486&osCsid=9j3fviciff2tdrjkkunt267rh4"},
{"Title": "Coloring Book Pixie Dust/fairy Garden 2asst In Pdq Ppd $3.95", "Price": "$0.75", "UPC": "0-88908-73300-8", "Item #": "1733", "Quantity In Case Pack": "24", "Description": "Coloring Book Pixie Dust/fairy Garden 2asst In Pdq Ppd $3.95", "image_url": "https://regentproducts.com/images/1733.jpg", "url": "https://regentproducts.com/product_info.php?cPath=4&products_id=182&osCsid=9j3fviciff2tdrjkkunt267rh4"},
{"Title": "Coloring Book Onward In 24pc Display Box", "Price": "$0.80", "UPC": "8-05219-48412-8", "Item #": "48412", "Quantity In Case Pack": "24", "Description": "Coloring Book Onward In 24pc Display Box", "image_url": "https://regentproducts.com/images/48412.jpg", "url": "https://regentproducts.com/product_info.php?cPath=4&products_id=682&osCsid=9j3fviciff2tdrjkkunt267rh4"},
{"Title": "Coloring Book Peppa Pig In 24pc Display", "Price": "$0.80", "UPC": "8-05219-49175-1", "Item #": "49175", "Quantity In Case Pack": "24", "Description": "Coloring Book Peppa Pig In 24pc Display", "image_url": "https://regentproducts.com/images/49175.jpg", "url": "https://regentproducts.com/product_info.php?cPath=4&products_id=3379&osCsid=9j3fviciff2tdrjkkunt267rh4"},
{"Title": "Coloring Book My First 2asst Made In Usa Pdq Made In Usa", "Price": "$0.75", "UPC": "8-14625-01200-9", "Item #": "2100", "Quantity In Case Pack": "24", "Description": "Coloring Book My First 2asst Made In Usa Pdq Made In Usa", "image_url": "https://regentproducts.com/images/2100.jpg", "url": "https://regentproducts.com/product_info.php?cPath=4&products_id=273&osCsid=9j3fviciff2tdrjkkunt267rh4"},
{"Title": "Coloring Book My Little Pony In 24pc Display", "Price": "$0.80", "UPC": "8-05219-46633-9", "Item #": "46633", "Quantity In Case Pack": "24", "Description": "Coloring Book My Little Pony In 24pc Display", "image_url": "https://regentproducts.com/images/46633.jpg", "url": "https://regentproducts.com/product_info.php?cPath=4&products_id=667&osCsid=9j3fviciff2tdrjkkunt267rh4"},
{"Title": "Coloring Book Mermaids In Pdq 2 Asst W/bonus Cut Outs", "Price": "$0.75", "UPC": "8-14625-01208-5", "Item #": "2108", "Quantity In Case Pack": "24", "Description": "Coloring Book Mermaids In Pdq 2 Asst W/bonus Cut Outs", "image_url": "https://regentproducts.com/images/2108.jpg", "url": "https://regentproducts.com/product_info.php?cPath=4&products_id=276&osCsid=9j3fviciff2tdrjkkunt267rh4"},
{"Title": "Coloring Book Marvel New Allies In 24pc Display", "Price": "$0.80", "UPC": "8-05219-42987-7", "Item #": "47832", "Quantity In Case Pack": "24", "Description": "Coloring Book Marvel New Allies In 24pc Display", "image_url": "https://regentproducts.com/images/47832.jpg", "url": "https://regentproducts.com/product_info.php?cPath=4&products_id=3376&osCsid=9j3fviciff2tdrjkkunt267rh4"},
{"Title": "Coloring Book Magical Creatures 36 Pg W/handle In Pdq 4 Asst", "Price": "$0.87", "UPC": "8-14625-07013-9", "Item #": "7013", "Quantity In Case Pack": "48", "Description": "Coloring Book Magical Creatures 36 Pg W/handle In Pdq 4 Asst", "image_url": "https://regentproducts.com/images/7013.jpg", "url": "https://regentproducts.com/product_info.php?cPath=4&products_id=930&osCsid=9j3fviciff2tdrjkkunt267rh4"},
{"Title": "Coloring Book Lol Surprise Jumbo Glitz/glamour In 24pc Display", "Price": "$0.80", "UPC": "8-05219-44756-7", "Item #": "44756", "Quantity In Case Pack": "24", "Description": "Coloring Book Lol Surprise Jumbo Glitz/glamour In 24pc Display", "image_url": "https://regentproducts.com/images/44756.jpg", "url": "https://regentproducts.com/product_info.php?cPath=4&products_id=647&osCsid=9j3fviciff2tdrjkkunt267rh4"},
{"Title": "Paint W/water Book Lisa Frank Book Ref#b115373-14 In Pdq", "Price": "$0.75", "UPC": "0-30099-15373-8", "Item #": "11537", "Quantity In Case Pack": "48", "Description": "Paint W/water Book Lisa Frank Book Ref#b115373-14 In Pdq", "image_url": "https://regentproducts.com/images/11537.jpg", "url": "https://regentproducts.com/product_info.php?cPath=4&products_id=92&osCsid=9j3fviciff2tdrjkkunt267rh4"},
{"Title": "Coloring Book Stay Healthy And Color 80 Pg 2 Asstd In Pdq", "Price": "$0.75", "UPC": "8-10056-72173-2", "Item #": "2173P", "Quantity In Case Pack": "24", "Description": "Coloring Book Stay Healthy And Color 80 Pg 2 Asstd In Pdq", "image_url": "https://regentproducts.com/images/2173P.jpg", "url": "https://regentproducts.com/product_info.php?cPath=4&products_id=3009&osCsid=9j3fviciff2tdrjkkunt267rh4"},
{"Title": "Hide & Seek Word Find- 2 Asst In Pdq Ppc 3.95", "Price": "$0.75", "UPC": "0-88908-39300-4", "Item #": "3393", "Quantity In Case Pack": "24", "Description": "Hide & Seek Word Find- 2 Asst In Pdq Ppc 3.95", "image_url": "https://regentproducts.com/images/3393.jpg", "url": "https://regentproducts.com/product_info.php?cPath=4&products_id=429&osCsid=9j3fviciff2tdrjkkunt267rh4"},
{"Title": "Miffy Giant Coloring - 2 Asst In Pdq", "Price": "$0.40", "UPC": "0-88908-49110-6", "Item #": "149110", "Quantity In Case Pack": "24", "Description": "Miffy Giant Coloring - 2 Asst In Pdq", "image_url": "https://regentproducts.com/images/149110.jpg", "url": "https://regentproducts.com/product_info.php?cPath=4&products_id=155&osCsid=9j3fviciff2tdrjkkunt267rh4"},
{"Title": "Dictionary Webster\\'s Large Print In Pdq Ppd $3.95 B2510p", "Price": "$0.75", "UPC": "0-88908-25100-7", "Item #": "25100", "Quantity In Case Pack": "24", "Description": "Dictionary Webster's Large Print In Pdq Ppd $3.95 B2510p", "image_url": "https://regentproducts.com/images/25100.jpg", "url": "https://regentproducts.com/product_info.php?cPath=4&products_id=333&osCsid=9j3fviciff2tdrjkkunt267rh4"},
{"Title": "Dictionary Webster\\'s Basic Paperback Over 55k Definitions", "Price": "$0.50", "UPC": "7-91328-56227-0", "Item #": "56227", "Quantity In Case Pack": "60", "Description": "Dictionary Webster's Basic Paperback Over 55k Definitions", "image_url": "https://regentproducts.com/images/56227.jpg", "url": "https://regentproducts.com/product_info.php?cPath=4&products_id=769&osCsid=9j3fviciff2tdrjkkunt267rh4"},
{"Title": "Crosswords Craze 80pg 2 Titles Digest In 24pc Pdq", "Price": "$0.75", "UPC": "6-46529-91242-6", "Item #": "528350", "Quantity In Case Pack": "24", "Description": "Crosswords Craze 80pg 2 Titles Digest In 24pc Pdq", "image_url": "https://regentproducts.com/images/528350.jpg", "url": "https://regentproducts.com/product_info.php?cPath=4&products_id=734&osCsid=9j3fviciff2tdrjkkunt267rh4"},
{"Title": "Crosswords Great Big 2 Asst In 120 Ct Floor Display Ppd $4.95", "Price": "$0.75", "UPC": "0-88908-39100-0", "Item #": "391F", "Quantity In Case Pack": "120", "Description": "Crosswords Great Big 2 Asst In 120 Ct Floor Display Ppd $4.95", "image_url": "https://regentproducts.com/images/391F.jpg", "url": "https://regentproducts.com/product_info.php?cPath=4&products_id=478&osCsid=9j3fviciff2tdrjkkunt267rh4"},
{"Title": "Crosswords 80pg Big Grid 2 Titles In 24pc Pdq", "Price": "$0.75", "UPC": "6-46529-91238-9", "Item #": "528346", "Quantity In Case Pack": "24", "Description": "Crosswords 80pg Big Grid 2 Titles In 24pc Pdq", "image_url": "https://regentproducts.com/images/528346.jpg", "url": "https://regentproducts.com/product_info.php?cPath=4&products_id=730&osCsid=9j3fviciff2tdrjkkunt267rh4"},
{"Title": "Crosswords Big & Easy 2 Asst In Floor Display Ppd $4.95", "Price": "$0.75", "UPC": "0-88908-40600-1", "Item #": "3406F", "Quantity In Case Pack": "120", "Description": "Crosswords Big & Easy 2 Asst In Floor Display Ppd $4.95", "image_url": "https://regentproducts.com/images/3406F.jpg", "url": "https://regentproducts.com/product_info.php?cPath=4&products_id=431&osCsid=9j3fviciff2tdrjkkunt267rh4"},
{"Title": "Crossword Puzzles Big Print 2 Assorted In Pdq", "Price": "$0.75", "UPC": "8-14625-01331-0", "Item #": "3010", "Quantity In Case Pack": "24", "Description": "Crossword Puzzles Big Print 2 Assorted In Pdq", "image_url": "https://regentproducts.com/images/3010.jpg", "url": "https://regentproducts.com/product_info.php?cPath=4&products_id=392&osCsid=9j3fviciff2tdrjkkunt267rh4"},
{"Title": "Crossword Puzzles Lg Print 80 Pg 2 Assorted In Pdq", "Price": "$0.75", "UPC": "8-14625-01353-2", "Item #": "3021", "Quantity In Case Pack": "24", "Description": "Crossword Puzzles Lg Print 80 Pg 2 Assorted In Pdq", "image_url": "https://regentproducts.com/images/3021.jpg", "url": "https://regentproducts.com/product_info.php?cPath=4&products_id=397&osCsid=9j3fviciff2tdrjkkunt267rh4"},
{"Title": "Crossword Puzzle Lg Print Travel 2ast In 144pc Flr Disp $3.95 Ppd", "Price": "$0.75", "UPC": "0-88908-38900-7", "Item #": "6389F", "Quantity In Case Pack": "144", "Description": "Crossword Puzzle Lg Print Travel 2ast In 144pc Flr Disp $3.95 Ppd", "image_url": "https://regentproducts.com/images/6389F.jpg", "url": "https://regentproducts.com/product_info.php?cPath=4&products_id=839&osCsid=9j3fviciff2tdrjkkunt267rh4"},
{"Title": "Crossword Puzzle Large Print 2asst In 120pc Floor Disp $3.95 Made In Usa", "Price": "$0.75", "UPC": "0-88908-84300-4", "Item #": "84300F", "Quantity In Case Pack": "120", "Description": "Crossword Puzzle Large Print 2asst In 120pc Floor Disp $3.95 Made In Usa", "image_url": "https://regentproducts.com/images/84300F.jpg", "url": "https://regentproducts.com/product_info.php?cPath=4&products_id=1018&osCsid=9j3fviciff2tdrjkkunt267rh4"},
{"Title": "Crossword Puzzle Book Ultimate 2 Asst In Pdq #312 Made In Usa Ppd $4.95", "Price": "$0.75", "UPC": "0-88908-15031-7", "Item #": "16676P", "Quantity In Case Pack": "24", "Description": "Crossword Puzzle Book Ultimate 2 Asst In Pdq #312 Made In Usa Ppd $4.95", "image_url": "https://regentproducts.com/images/16676P.jpg", "url": "https://regentproducts.com/product_info.php?cPath=4&products_id=178&osCsid=9j3fviciff2tdrjkkunt267rh4"},
{"Title": "Crossword Pocket Puzzles 2asst In Pdq Ppd $4.95", "Price": "$0.75", "UPC": "VARIOUS-0", "Item #": "7007P", "Quantity In Case Pack": "48", "Description": "Crossword Pocket Puzzles 2asst In Pdq Ppd $4.95", "image_url": "https://regentproducts.com/images/7007P.jpg", "url": "https://regentproducts.com/product_info.php?cPath=4&products_id=927&osCsid=9j3fviciff2tdrjkkunt267rh4"},
{"Title": "Crossword Companion Fill-in Pocket Size 2asst Pdq Ppd $3.95", "Price": "$0.75", "UPC": "0-88908-37200-9", "Item #": "6372P", "Quantity In Case Pack": "36", "Description": "Crossword Companion Fill-in Pocket Size 2asst Pdq Ppd $3.95", "image_url": "https://regentproducts.com/images/6372P.jpg", "url": "https://regentproducts.com/product_info.php?cPath=4&products_id=834&osCsid=9j3fviciff2tdrjkkunt267rh4"},
{"Title": "Paint With Water My First Pony In Pdq", "Price": "$0.75", "UPC": "0-88908-15400-1", "Item #": "115400P", "Quantity In Case Pack": "48", "Description": "Paint With Water My First Pony In Pdq", "image_url": "https://regentproducts.com/images/115400P.jpg", "url": "https://regentproducts.com/product_info.php?cPath=4&products_id=93&osCsid=9j3fviciff2tdrjkkunt267rh4"},
{"Title": "Crossword Book 256 Pg 2 Asst Foil Felx Cover", "Price": "$1.75", "UPC": "8-14625-07024-5", "Item #": "7024", "Quantity In Case Pack": "24", "Description": "Crossword Book 256 Pg 2 Asst Foil Felx Cover", "image_url": "https://regentproducts.com/images/7024.jpg", "url": "https://regentproducts.com/product_info.php?cPath=4&products_id=935&osCsid=9j3fviciff2tdrjkkunt267rh4"},
{"Title": "Coloring/activity Book 2asst Halloween Styles In Pdq", "Price": "$0.75", "UPC": "8-14625-01809-4", "Item #": "8008", "Quantity In Case Pack": "24", "Description": "Coloring/activity Book 2asst Halloween Styles In Pdq", "image_url": "https://regentproducts.com/images/8008.jpg", "url": "https://regentproducts.com/product_info.php?cPath=4&products_id=988&osCsid=9j3fviciff2tdrjkkunt267rh4"},
{"Title": "Coloring Pad Unicorns 4 Asst 48 Pg In Pdq", "Price": "$0.87", "UPC": "8-14625-07014-6", "Item #": "7014", "Quantity In Case Pack": "48", "Description": "Coloring Pad Unicorns 4 Asst 48 Pg In Pdq", "image_url": "https://regentproducts.com/images/7014.jpg", "url": "https://regentproducts.com/product_info.php?cPath=4&products_id=931&osCsid=9j3fviciff2tdrjkkunt267rh4"},
{"Title": "Word Find Large Print 80 Pg 2 Assorted In Pdq", "Price": "$0.75", "UPC": "8-14625-01366-2", "Item #": "3028V", "Quantity In Case Pack": "24", "Description": "Word Find Large Print 80 Pg 2 Assorted In Pdq", "image_url": "https://regentproducts.com/images/3028V.jpg", "url": "https://regentproducts.com/product_info.php?cPath=4&products_id=400&osCsid=9j3fviciff2tdrjkkunt267rh4"},
{"Title": "Word Find Just For Fun 2 Asst In Floor Display", "Price": "$0.75", "UPC": "0-88908-33151-8", "Item #": "3315F", "Quantity In Case Pack": "120", "Description": "Word Find Just For Fun 2 Asst In Floor Display", "image_url": "https://regentproducts.com/images/3315F.jpg", "url": "https://regentproducts.com/product_info.php?cPath=4&products_id=2720&osCsid=9j3fviciff2tdrjkkunt267rh4"},
{"Title": "Word Find Large Print Travelsize 3asst In 144pc Floor Disp $3.95", "Price": "$0.75", "UPC": "0-88908-38800-0", "Item #": "6388F", "Quantity In Case Pack": "144", "Description": "Word Find Large Print Travelsize 3asst In 144pc Floor Disp $3.95", "image_url": "https://regentproducts.com/images/6388F.jpg", "url": "https://regentproducts.com/product_info.php?cPath=4&products_id=838&osCsid=9j3fviciff2tdrjkkunt267rh4"},
{"Title": "Word Find Grab Bag 2 Asst Floor Display B3470f Ppd $3.95 Made In Usa", "Price": "$0.75", "UPC": "0-88908-34700-7", "Item #": "3470F", "Quantity In Case Pack": "120", "Description": "Word Find Grab Bag 2 Asst Floor Display B3470f Ppd $3.95 Made In Usa", "image_url": "https://regentproducts.com/images/3470F.jpg", "url": "https://regentproducts.com/product_info.php?cPath=4&products_id=434&osCsid=9j3fviciff2tdrjkkunt267rh4"},
{"Title": "Word Find Giant Print In Pdq Easy To Read Format", "Price": "$0.75", "UPC": "8-14625-01335-8", "Item #": "3013", "Quantity In Case Pack": "24", "Description": "Word Find Giant Print In Pdq Easy To Read Format", "image_url": "https://regentproducts.com/images/3013.jpg", "url": "https://regentproducts.com/product_info.php?cPath=4&products_id=394&osCsid=9j3fviciff2tdrjkkunt267rh4"},
{"Title": "Sudoku Spectacular 80pg 2 Titles Digest In 24pc Pdq", "Price": "$0.75", "UPC": "6-46529-91243-3", "Item #": "528348", "Quantity In Case Pack": "24", "Description": "Sudoku Spectacular 80pg 2 Titles Digest In 24pc Pdq", "image_url": "https://regentproducts.com/images/528348.jpg", "url": "https://regentproducts.com/product_info.php?cPath=4&products_id=732&osCsid=9j3fviciff2tdrjkkunt267rh4"},
{"Title": "Word Find Book Lrg Print 4 Asst In 120pc Floor Disp #842 Made In Usa Ppd $4.95", "Price": "$0.75", "UPC": "0-88908-84200-7", "Item #": "22151F", "Quantity In Case Pack": "120", "Description": "Word Find Book Lrg Print 4 Asst In 120pc Floor Disp #842 Made In Usa Ppd $4.95", "image_url": "https://regentproducts.com/images/22151F.jpg", "url": "https://regentproducts.com/product_info.php?cPath=4&products_id=292&osCsid=9j3fviciff2tdrjkkunt267rh4"},
{"Title": "Word Find Christmas 3asst Lg Print Or Regular In Pdq Ppd $3.95", "Price": "$0.75", "UPC": "0-88908-11400-5", "Item #": "B3114P", "Quantity In Case Pack": "48", "Description": "Word Find Christmas 3asst Lg Print Or Regular In Pdq Ppd $3.95", "image_url": "https://regentproducts.com/images/B3114P.jpg", "url": "https://regentproducts.com/product_info.php?cPath=4&products_id=1135&osCsid=9j3fviciff2tdrjkkunt267rh4"},
{"Title": "Sudoku Puzzle Book Collection 3 Asst 120pc Floor Disp $4.95pp Made In Usa", "Price": "$0.75", "UPC": "0-88908-37600-7", "Item #": "6376F", "Quantity In Case Pack": "120", "Description": "Sudoku Puzzle Book Collection 3 Asst 120pc Floor Disp $4.95pp Made In Usa", "image_url": "https://regentproducts.com/images/6376F.jpg", "url": "https://regentproducts.com/product_info.php?cPath=4&products_id=835&osCsid=9j3fviciff2tdrjkkunt267rh4"},
{"Title": "Sudoku Puzzle Book 2 Assorted Volume Puzzles", "Price": "$0.75", "UPC": "8-14625-01307-5", "Item #": "3501", "Quantity In Case Pack": "24", "Description": "Sudoku Puzzle Book 2 Assorted Volume Puzzles", "image_url": "https://regentproducts.com/images/3501.jpg", "url": "https://regentproducts.com/product_info.php?cPath=4&products_id=439&osCsid=9j3fviciff2tdrjkkunt267rh4"},
{"Title": "Sudoku Book 256 Pg 2 Assorted For Flex Cover", "Price": "$1.75", "UPC": "8-14625-07023-8", "Item #": "7023", "Quantity In Case Pack": "24", "Description": "Sudoku Book 256 Pg 2 Assorted For Flex Cover", "image_url": "https://regentproducts.com/images/7023.jpg", "url": "https://regentproducts.com/product_info.php?cPath=4&products_id=934&osCsid=9j3fviciff2tdrjkkunt267rh4"},
{"Title": "Sudoku Sensational 80pg 2 Titles In 24pc Pdq Display", "Price": "$0.75", "UPC": "6-46529-91236-5", "Item #": "528344", "Quantity In Case Pack": "24", "Description": "Sudoku Sensational 80pg 2 Titles In 24pc Pdq Display", "image_url": "https://regentproducts.com/images/528344.jpg", "url": "https://regentproducts.com/product_info.php?cPath=4&products_id=728&osCsid=9j3fviciff2tdrjkkunt267rh4"},
{"Title": "Story Books 4 Asst In Pdq 10 X 10", "Price": "$0.87", "UPC": "8-14625-07011-5", "Item #": "7011", "Quantity In Case Pack": "48", "Description": "Story Books 4 Asst In Pdq 10 X 10", "image_url": "https://regentproducts.com/images/7011.jpg", "url": "https://regentproducts.com/product_info.php?cPath=4&products_id=929&osCsid=9j3fviciff2tdrjkkunt267rh4"},
{"Title": "Puzzle Search A Word 80pg Jumbo 2 Titles In 24pc Pdq Display", "Price": "$0.75", "UPC": "6-46529-91235-8", "Item #": "528343", "Quantity In Case Pack": "24", "Description": "Puzzle Search A Word 80pg Jumbo 2 Titles In 24pc Pdq Display", "image_url": "https://regentproducts.com/images/528343.jpg", "url": "https://regentproducts.com/product_info.php?cPath=4&products_id=727&osCsid=9j3fviciff2tdrjkkunt267rh4"},
{"Title": "Puzzle Digest Leisure Time In 144 Ct Floor Display 3 Asst Ppd $3.95 Made In Usa", "Price": "$0.75", "UPC": "0-88908-49000-0", "Item #": "490F", "Quantity In Case Pack": "144", "Description": "Puzzle Digest Leisure Time In 144 Ct Floor Display 3 Asst Ppd $3.95 Made In Usa", "image_url": "https://regentproducts.com/images/490F.jpg", "url": "https://regentproducts.com/product_info.php?cPath=4&products_id=695&osCsid=9j3fviciff2tdrjkkunt267rh4"},
{"Title": "Puzzle Books Large Print Pocket Size 2 Asst Word Finds & Crossword In Floor Display", "Price": "$0.75", "UPC": "VARIOUS-0", "Item #": "392404D", "Quantity In Case Pack": "72", "Description": "Puzzle Books Large Print Pocket Size 2 Asst Word Finds & Crossword In Floor Display", "image_url": "https://regentproducts.com/images/392404D.jpg", "url": "https://regentproducts.com/product_info.php?cPath=4&products_id=479&osCsid=9j3fviciff2tdrjkkunt267rh4"},
{"Title": "Puzzle Book Sudoku 2 Asst In Floor Display Ppd $3.95 Made In Usa", "Price": "$0.75", "UPC": "0-88908-37500-0", "Item #": "1375F", "Quantity In Case Pack": "144", "Description": "Puzzle Book Sudoku 2 Asst In Floor Display Ppd $3.95 Made In Usa", "image_url": "https://regentproducts.com/images/1375F.jpg", "url": "https://regentproducts.com/product_info.php?cPath=4&products_id=127&osCsid=9j3fviciff2tdrjkkunt267rh4"},
{"Title": "Puzzle Book Word Find Treasury 2 Asstd Counter Display", "Price": "$0.75", "UPC": "0-88908-33161-7", "Item #": "3316", "Quantity In Case Pack": "24", "Description": "Puzzle Book Word Find Treasury 2 Asstd Counter Display", "image_url": "https://regentproducts.com/images/3316.jpg", "url": "https://regentproducts.com/product_info.php?cPath=4&products_id=2922&osCsid=9j3fviciff2tdrjkkunt267rh4"},
{"Title": "Puzzle Book Tv Guide 2 Asst In Floor Display Ppd $3.95 Made In Usa", "Price": "$0.80", "UPC": "VARIOUS-0", "Item #": "1350F", "Quantity In Case Pack": "144", "Description": "Puzzle Book Tv Guide 2 Asst In Floor Display Ppd $3.95 Made In Usa", "image_url": "https://regentproducts.com/images/1350F.jpg", "url": "https://regentproducts.com/product_info.php?cPath=4&products_id=126&osCsid=9j3fviciff2tdrjkkunt267rh4"},
{"Title": "Workbooks Nickelodeon 4 Assorted 24pc Pdq Display See N2", "Price": "$0.75", "UPC": "6-89860-52669-3", "Item #": "20650", "Quantity In Case Pack": "24", "Description": "Workbooks Nickelodeon 4 Assorted 24pc Pdq Display See N2", "image_url": "https://regentproducts.com/images/20650.jpg", "url": "https://regentproducts.com/product_info.php?cPath=4&products_id=253&osCsid=9j3fviciff2tdrjkkunt267rh4"},
{"Title": "Word Search 80pg World Of Words 2 Titles Digest In 24pc Pdq", "Price": "$0.75", "UPC": "6-46529-91241-9", "Item #": "528349", "Quantity In Case Pack": "24", "Description": "Word Search 80pg World Of Words 2 Titles Digest In 24pc Pdq", "image_url": "https://regentproducts.com/images/528349.jpg", "url": "https://regentproducts.com/product_info.php?cPath=4&products_id=733&osCsid=9j3fviciff2tdrjkkunt267rh4"},
{"Title": "Wordsearch Book 256 Pg 2 Asst Foil Flex Cover", "Price": "$1.75", "UPC": "8-14625-07025-2", "Item #": "7025", "Quantity In Case Pack": "24", "Description": "Wordsearch Book 256 Pg 2 Asst Foil Flex Cover", "image_url": "https://regentproducts.com/images/7025.jpg", "url": "https://regentproducts.com/product_info.php?cPath=4&products_id=936&osCsid=9j3fviciff2tdrjkkunt267rh4"},
{"Title": "Word Search 80pg Find The Words 2 Titles In 24pc Pdq Display", "Price": "$0.75", "UPC": "6-49529-91237-3", "Item #": "528345", "Quantity In Case Pack": "24", "Description": "Word Search 80pg Find The Words 2 Titles In 24pc Pdq Display", "image_url": "https://regentproducts.com/images/528345.jpg", "url": "https://regentproducts.com/product_info.php?cPath=4&products_id=729&osCsid=9j3fviciff2tdrjkkunt267rh4"},
{"Title": "Word Search 80pg Easy To See 2 Titles Digest In 24pc Pdq", "Price": "$0.75", "UPC": "6-46529-91239-6", "Item #": "528347", "Quantity In Case Pack": "24", "Description": "Word Search 80pg Easy To See 2 Titles Digest In 24pc Pdq", "image_url": "https://regentproducts.com/images/528347.jpg", "url": "https://regentproducts.com/product_info.php?cPath=4&products_id=731&osCsid=9j3fviciff2tdrjkkunt267rh4"},
{"Title": "Word Search 80pg Big Print 2 Titles In 24pc Pdq Display", "Price": "$0.75", "UPC": "6-46529-91234-1", "Item #": "528342", "Quantity In Case Pack": "24", "Description": "Word Search 80pg Big Print 2 Titles In 24pc Pdq Display", "image_url": "https://regentproducts.com/images/528342.jpg", "url": "https://regentproducts.com/product_info.php?cPath=4&products_id=726&osCsid=9j3fviciff2tdrjkkunt267rh4"},
{"Title": "Word Finds Spanish 2 Asst In Pdq", "Price": "$0.75", "UPC": "8-14625-01321-1", "Item #": "3005", "Quantity In Case Pack": "24", "Description": "Word Finds Spanish 2 Asst In Pdq", "image_url": "https://regentproducts.com/images/3005.jpg", "url": "https://regentproducts.com/product_info.php?cPath=4&products_id=390&osCsid=9j3fviciff2tdrjkkunt267rh4"},
{"Title": "Word Finds Holy Bible 2asst In Pdq Ppd $3.95", "Price": "$0.75", "UPC": "0-88908-19100-6", "Item #": "19100P", "Quantity In Case Pack": "48", "Description": "Word Finds Holy Bible 2asst In Pdq Ppd $3.95", "image_url": "https://regentproducts.com/images/19100P.jpg", "url": "https://regentproducts.com/product_info.php?cPath=4&products_id=203&osCsid=9j3fviciff2tdrjkkunt267rh4"},
{"Title": "Word Finds Hidden Message 2 Asst Pdq", "Price": "$0.75", "UPC": "0-88908-31400-9", "Item #": "1314P", "Quantity In Case Pack": "24", "Description": "Word Finds Hidden Message 2 Asst Pdq", "image_url": "https://regentproducts.com/images/1314P.jpg", "url": "https://regentproducts.com/product_info.php?cPath=4&products_id=117&osCsid=9j3fviciff2tdrjkkunt267rh4"},
{"Title": "Word Finds Great Big 2 Asstd In 120 Ct Floor Display Ppd $4.95 Made In Usa", "Price": "$0.75", "UPC": "0-88908-39000-3", "Item #": "390F", "Quantity In Case Pack": "120", "Description": "Word Finds Great Big 2 Asstd In 120 Ct Floor Display Ppd $4.95 Made In Usa", "image_url": "https://regentproducts.com/images/390F.jpg", "url": "https://regentproducts.com/product_info.php?cPath=4&products_id=477&osCsid=9j3fviciff2tdrjkkunt267rh4"},
{"Title": "Word Find Woman\\'s Day Travelsize 2asst In 144pc Floor Display Ppc $3.95", "Price": "$0.75", "UPC": "0-88908-66000-7", "Item #": "660F", "Quantity In Case Pack": "144", "Description": "Word Find Woman's Day Travelsize 2asst In 144pc Floor Display Ppc $3.95", "image_url": "https://regentproducts.com/images/660F.jpg", "url": "https://regentproducts.com/product_info.php?cPath=4&products_id=847&osCsid=9j3fviciff2tdrjkkunt267rh4"},
{"Title": "Word Finds Giant Easy 2 Asst In Pdq Ppd $3.95", "Price": "$0.75", "UPC": "0-88908-33800-5", "Item #": "3380", "Quantity In Case Pack": "24", "Description": "Word Finds Giant Easy 2 Asst In Pdq Ppd $3.95", "image_url": "https://regentproducts.com/images/3380.jpg", "url": "https://regentproducts.com/product_info.php?cPath=4&products_id=428&osCsid=9j3fviciff2tdrjkkunt267rh4"},
{"Title": "Word Finds Bible 2 Asst In Pdq", "Price": "$0.75", "UPC": "0-88908-17601-0", "Item #": "176", "Quantity In Case Pack": "24", "Description": "Word Finds Bible 2 Asst In Pdq", "image_url": "https://regentproducts.com/images/176.jpg", "url": "https://regentproducts.com/product_info.php?cPath=4&products_id=2716&osCsid=9j3fviciff2tdrjkkunt267rh4"},
{"Title": "Word Find Usa In Pdq $4.95 Made In Usa", "Price": "$0.75", "UPC": "0-88908-30400-0", "Item #": "1304P", "Quantity In Case Pack": "24", "Description": "Word Find Usa In Pdq $4.95 Made In Usa", "image_url": "https://regentproducts.com/images/1304P.jpg", "url": "https://regentproducts.com/product_info.php?cPath=4&products_id=115&osCsid=9j3fviciff2tdrjkkunt267rh4"},
{"Title": "Word Find Ultimate Puzzle Book 2asst In Floor Display #311 Ppd $3.95", "Price": "$0.75", "UPC": "0-88908-15080-5", "Item #": "16675F", "Quantity In Case Pack": "120", "Description": "Word Find Ultimate Puzzle Book 2asst In Floor Display #311 Ppd $3.95", "image_url": "https://regentproducts.com/images/16675F.jpg", "url": "https://regentproducts.com/product_info.php?cPath=4&products_id=177&osCsid=9j3fviciff2tdrjkkunt267rh4"},
{"Title": "Word Find Lg Print 80 Pg In Pdq", "Price": "$0.75", "UPC": "8-14625-01349-5", "Item #": "3017V", "Quantity In Case Pack": "24", "Description": "Word Find Lg Print 80 Pg In Pdq", "image_url": "https://regentproducts.com/images/3017V.jpg", "url": "https://regentproducts.com/product_info.php?cPath=4&products_id=395&osCsid=9j3fviciff2tdrjkkunt267rh4"},
{"Title": "Word Find Lg Print 80 Pg 2 Assorted In Pdq", "Price": "$0.75", "UPC": "8-14625-01350-1", "Item #": "3018", "Quantity In Case Pack": "24", "Description": "Word Find Lg Print 80 Pg 2 Assorted In Pdq", "image_url": "https://regentproducts.com/images/3018.jpg", "url": "https://regentproducts.com/product_info.php?cPath=4&products_id=396&osCsid=9j3fviciff2tdrjkkunt267rh4"},
{"Title": "Puzzle Book Find-aword In Pdq #3001", "Price": "$0.75", "UPC": "8-14625-01300-6", "Item #": "30010", "Quantity In Case Pack": "24", "Description": "Puzzle Book Find-aword In Pdq #3001", "image_url": "https://regentproducts.com/images/30010.jpg", "url": "https://regentproducts.com/product_info.php?cPath=4&products_id=385&osCsid=9j3fviciff2tdrjkkunt267rh4"},
{"Title": "Word Find Lg Print 80 Pg 2 Assorted In Pdq", "Price": "$0.75", "UPC": "8-14625-01365-5", "Item #": "3027", "Quantity In Case Pack": "24", "Description": "Word Find Lg Print 80 Pg 2 Assorted In Pdq", "image_url": "https://regentproducts.com/images/3027.jpg", "url": "https://regentproducts.com/product_info.php?cPath=4&products_id=399&osCsid=9j3fviciff2tdrjkkunt267rh4"},
{"Title": "Puzzle And Game Variety Book 2 Asst In Pdq Ppd $4.95", "Price": "$0.75", "UPC": "0-88908-84400-1", "Item #": "22108P", "Quantity In Case Pack": "24", "Description": "Puzzle And Game Variety Book 2 Asst In Pdq Ppd $4.95", "image_url": "https://regentproducts.com/images/22108P.jpg", "url": "https://regentproducts.com/product_info.php?cPath=4&products_id=291&osCsid=9j3fviciff2tdrjkkunt267rh4"},
{"Title": "Puzzle Book Companion Wordfind/ Crossword 3 Asst In Pdq Ppd $3.95", "Price": "$0.75", "UPC": "0-88908-37130-9", "Item #": "16680P", "Quantity In Case Pack": "36", "Description": "Puzzle Book Companion Wordfind/ Crossword 3 Asst In Pdq Ppd $3.95", "image_url": "https://regentproducts.com/images/16680P.jpg", "url": "https://regentproducts.com/product_info.php?cPath=4&products_id=179&osCsid=9j3fviciff2tdrjkkunt267rh4"},
{"Title": "Paint With Water Spanish 4 Asst In Pdq", "Price": "$0.80", "UPC": "8-14625-01703-5", "Item #": "6114", "Quantity In Case Pack": "48", "Description": "Paint With Water Spanish 4 Asst In Pdq", "image_url": "https://regentproducts.com/images/6114.jpg", "url": "https://regentproducts.com/product_info.php?cPath=4&products_id=817&osCsid=9j3fviciff2tdrjkkunt267rh4"},
{"Title": "Coloring Book-my First-letters/ Math Book/ Picture Dictionary In Pdq Ppd $3.95", "Price": "$0.75", "UPC": "0-88908-16500-7", "Item #": "1165", "Quantity In Case Pack": "24", "Description": "Coloring Book-my First-letters/ Math Book/ Picture Dictionary In Pdq Ppd $3.95", "image_url": "https://regentproducts.com/images/1165.jpg", "url": "https://regentproducts.com/product_info.php?cPath=4&products_id=97&osCsid=9j3fviciff2tdrjkkunt267rh4"},
{"Title": "Puzzle Book Big Print Find-a-word In Pdq", "Price": "$0.75", "UPC": "8-14625-01301-3", "Item #": "3002", "Quantity In Case Pack": "24", "Description": "Puzzle Book Big Print Find-a-word In Pdq", "image_url": "https://regentproducts.com/images/3002.jpg", "url": "https://regentproducts.com/product_info.php?cPath=4&products_id=386&osCsid=9j3fviciff2tdrjkkunt267rh4"},
{"Title": "Coloring Book W/handle 4 Asst W/stickers In Pdq", "Price": "$0.80", "UPC": "8-14625-05053-7", "Item #": "2168", "Quantity In Case Pack": "48", "Description": "Coloring Book W/handle 4 Asst W/stickers In Pdq", "image_url": "https://regentproducts.com/images/2168.jpg", "url": "https://regentproducts.com/product_info.php?cPath=4&products_id=285&osCsid=9j3fviciff2tdrjkkunt267rh4"},
{"Title": "Coloring Book Vampirina 96 Pgs", "Price": "$0.65", "UPC": "8-05219-42367-7", "Item #": "42367", "Quantity In Case Pack": "24", "Description": "Coloring Book Vampirina 96 Pgs", "image_url": "https://regentproducts.com/images/42367.jpg", "url": "https://regentproducts.com/product_info.php?cPath=4&products_id=592&osCsid=9j3fviciff2tdrjkkunt267rh4"},
{"Title": "Coloring Book Unicorns In Pdq", "Price": "$0.75", "UPC": "8-14625-07070-2", "Item #": "2170", "Quantity In Case Pack": "24", "Description": "Coloring Book Unicorns In Pdq", "image_url": "https://regentproducts.com/images/2170.jpg", "url": "https://regentproducts.com/product_info.php?cPath=4&products_id=286&osCsid=9j3fviciff2tdrjkkunt267rh4"},
{"Title": "Coloring Book Toy Story 4 24pc Display Random Title", "Price": "$0.80", "UPC": "8-05219-44600-3", "Item #": "44600", "Quantity In Case Pack": "24", "Description": "Coloring Book Toy Story 4 24pc Display Random Title", "image_url": "https://regentproducts.com/images/44600.jpg", "url": "https://regentproducts.com/product_info.php?cPath=4&products_id=3373&osCsid=9j3fviciff2tdrjkkunt267rh4"},
{"Title": "Coloring Book Llama 80 Pg 2 Asst In Pdq", "Price": "$0.75", "UPC": "8-14625-07071-9", "Item #": "2171", "Quantity In Case Pack": "24", "Description": "Coloring Book Llama 80 Pg 2 Asst In Pdq", "image_url": "https://regentproducts.com/images/2171.jpg", "url": "https://regentproducts.com/product_info.php?cPath=4&products_id=287&osCsid=9j3fviciff2tdrjkkunt267rh4"},
{"Title": "Coloring Book Lisa Frank Giant 2 Titles In 24pc Pdq #b148925-96p Made In Usa", "Price": "$0.75", "UPC": "0-30099-48926-4", "Item #": "48925", "Quantity In Case Pack": "24", "Description": "Coloring Book Lisa Frank Giant 2 Titles In 24pc Pdq #b148925-96p Made In Usa", "image_url": "https://regentproducts.com/images/48925.jpg", "url": "https://regentproducts.com/product_info.php?cPath=4&products_id=693&osCsid=9j3fviciff2tdrjkkunt267rh4"},
{"Title": "Coloring Book Hot Wheels Super Speed In 24pc Display", "Price": "$0.80", "UPC": "8-05219-45089-5", "Item #": "45089", "Quantity In Case Pack": "24", "Description": "Coloring Book Hot Wheels Super Speed In 24pc Display", "image_url": "https://regentproducts.com/images/45089.jpg", "url": "https://regentproducts.com/product_info.php?cPath=4&products_id=650&osCsid=9j3fviciff2tdrjkkunt267rh4"}
]