[
    {
        "Title": "Universal Backseat Organizer 15.35x22.83in Black Pb Insert *9.99*",
        "Price": "$2.25",
        "UPC": "7-21003-01292-9",
        "Item #": "G1292T",
        "Quantity In Case Pack": "24",
        "Description": "Universal Backseat Organizer 15.35x22.83in Black Pb Insert *9.99*",
        "image_url": "https://regentproducts.com/images/G1292T.jpg",
        "url": "https://regentproducts.com/product_info.php?cPath=10&products_id=1355&osCsid=6vic27276t7ak7a4rskbj4ls92"
    },
    {
        "Title": "Window Cling Graduation 4asst 4c Print",
        "Price": "$0.70",
        "UPC": "7-21003-24978-3",
        "Item #": "G24978",
        "Quantity In Case Pack": "96",
        "Description": "Window Cling Graduation 4asst 4c Print",
        "image_url": "https://regentproducts.com/images/G24978.jpg",
        "url": "https://regentproducts.com/product_info.php?cPath=33&products_id=1859&osCsid=6vic27276t7ak7a4rskbj4ls92"
    },
    {
        "Title": "Tablet Stand Slim Red Protective Folio Case",
        "Price": "$0.35",
        "UPC": "NO UPC-0",
        "Item #": "2543",
        "Quantity In Case Pack": "120",
        "Description": "Tablet Stand Slim Red Protective Folio Case",
        "image_url": "https://regentproducts.com/images/2543.jpg",
        "url": "https://regentproducts.com/product_info.php?cPath=22&products_id=342&osCsid=6vic27276t7ak7a4rskbj4ls92"
    },
    {
        "Title": "Tablet Stand Slim Black Protective Folio Case",
        "Price": "$0.35",
        "UPC": "NO UPC-0",
        "Item #": "2500",
        "Quantity In Case Pack": "80",
        "Description": "Tablet Stand Slim Black Protective Folio Case",
        "image_url": "https://regentproducts.com/images/2500.jpg",
        "url": "https://regentproducts.com/product_info.php?cPath=22&products_id=331&osCsid=6vic27276t7ak7a4rskbj4ls92"
    },
    {
        "Title": "Tablet Stand Slim Black Protective Folio Case",
        "Price": "$0.35",
        "UPC": "NO UPC-0",
        "Item #": "2542",
        "Quantity In Case Pack": "120",
        "Description": "Tablet Stand Slim Black Protective Folio Case",
        "image_url": "https://regentproducts.com/images/2542.jpg",
        "url": "https://regentproducts.com/product_info.php?cPath=22&products_id=341&osCsid=6vic27276t7ak7a4rskbj4ls92"
    },
    {
        "Title": "Tablet Stand Deluxe Turquoise Protective Folio Case Elastic Strap Closure",
        "Price": "$0.35",
        "UPC": "NO UPC-0",
        "Item #": "2566B",
        "Quantity In Case Pack": "74",
        "Description": "Tablet Stand Deluxe Turquoise Protective Folio Case Elastic Strap Closure",
        "image_url": "https://regentproducts.com/images/2566B.jpg",
        "url": "https://regentproducts.com/product_info.php?cPath=22&products_id=344&osCsid=6vic27276t7ak7a4rskbj4ls92"
    },
    {
        "Title": "Shoulder Bag 3ast Designs Polyester W/zippers & Adjustable Strap 6.4 X 8in/ht",
        "Price": "$1.75",
        "UPC": "7-21003-21905-2",
        "Item #": "2190509T",
        "Quantity In Case Pack": "24",
        "Description": "Shoulder Bag 3ast Designs Polyester W/zippers & Adjustable Strap 6.4 X 8in/ht",
        "image_url": "https://regentproducts.com/images/2190509T.jpg",
        "url": "https://regentproducts.com/product_info.php?cPath=22&products_id=289&osCsid=6vic27276t7ak7a4rskbj4ls92"
    },
    {
        "Title": "Aloe Vera 12oz Pump After Sun Body Gel",
        "Price": "$0.90",
        "UPC": "8-08829-10717-3",
        "Item #": "10717",
        "Quantity In Case Pack": "12",
        "Description": "Aloe Vera 12oz Pump After Sun Body Gel",
        "image_url": "https://regentproducts.com/images/10717.jpg",
        "url": "https://regentproducts.com/product_info.php?cPath=5&products_id=56&osCsid=6vic27276t7ak7a4rskbj4ls92"
    },
    {
        "Title": "Almond Roca 3 Pc In 90 Ct Shipper 1.2 Oz # 0741",
        "Price": "$0.97",
        "UPC": "0-41770-04230-2",
        "Item #": "07410",
        "Quantity In Case Pack": "90",
        "Description": "Almond Roca 3 Pc In 90 Ct Shipper 1.2 Oz # 0741",
        "image_url": "https://regentproducts.com/images/07410.jpg",
        "url": "https://regentproducts.com/product_info.php?cPath=7&products_id=10&osCsid=6vic27276t7ak7a4rskbj4ls92"
    },
    {
        "Title": "Bath Sponge 2-tone/tricolor/& 4 Solids 12asst In 120pc Pvc Tube Display Ea With Hba Hangtag",
        "Price": "$0.78",
        "UPC": "7-21003-14328-9",
        "Item #": "G14328",
        "Quantity In Case Pack": "120",
        "Description": "Bath Sponge 2-tone/tricolor/& 4 Solids 12asst In 120pc Pvc Tube Display Ea With Hba Hangtag",
        "image_url": "https://regentproducts.com/images/G14328.jpg",
        "url": "https://regentproducts.com/product_info.php?cPath=5&products_id=1365&osCsid=6vic27276t7ak7a4rskbj4ls92"
    },
    {
        "Title": "Harvest Glass Tealight Holder 3.5x0.75in 2 Leaves/1 Pumpkin Shape 3clrs In 9pc Pdq W/label",
        "Price": "$0.87",
        "UPC": "7-21003-15701-9",
        "Item #": "G15701T",
        "Quantity In Case Pack": "36",
        "Description": "Harvest Glass Tealight Holder 3.5x0.75in 2 Leaves/1 Pumpkin Shape 3clrs In 9pc Pdq W/label",
        "image_url": "https://regentproducts.com/images/G15701T.jpg",
        "url": "https://regentproducts.com/product_info.php?cPath=28&products_id=1424&osCsid=6vic27276t7ak7a4rskbj4ls92"
    },
    {
        "Title": "Harvest Gourd/pinecone 6pc Decor Mesh Bag/ht",
        "Price": "$0.88",
        "UPC": "7-21003-15753-8",
        "Item #": "G15753T",
        "Quantity In Case Pack": "24",
        "Description": "Harvest Gourd/pinecone 6pc Decor Mesh Bag/ht",
        "image_url": "https://regentproducts.com/images/G15753T.jpg",
        "url": "https://regentproducts.com/product_info.php?cPath=28&products_id=1428&osCsid=6vic27276t7ak7a4rskbj4ls92"
    },
    {
        "Title": "Aloe Vera 12oz Pump After Sun Body Gel",
        "Price": "$0.90",
        "UPC": "8-08829-10717-3",
        "Item #": "10717",
        "Quantity In Case Pack": "12",
        "Description": "Aloe Vera 12oz Pump After Sun Body Gel",
        "image_url": "https://regentproducts.com/images/10717.jpg",
        "url": "https://regentproducts.com/product_info.php?cPath=44&products_id=56&osCsid=6vic27276t7ak7a4rskbj4ls92"
    },
    {
        "Title": "Disinfectant Spray 19oz Citrus Aerosol",
        "Price": "$3.85",
        "UPC": "0-10228-10425-1",
        "Item #": "419-0425",
        "Quantity In Case Pack": "12",
        "Description": "Disinfectant Spray 19oz Citrus Aerosol",
        "image_url": "https://regentproducts.com/images/419-0425.jpg",
        "url": "https://regentproducts.com/product_info.php?cPath=44&products_id=564&osCsid=6vic27276t7ak7a4rskbj4ls92"
    },
    {
        "Title": "Tinsel Centerpiece New Year Firework Balloon 3asst 12in H Upc Label",
        "Price": "$0.90",
        "UPC": "7-21003-24080-3",
        "Item #": "G24080T",
        "Quantity In Case Pack": "24",
        "Description": "Tinsel Centerpiece New Year Firework Balloon 3asst 12in H Upc Label",
        "image_url": "https://regentproducts.com/images/G24080T.jpg",
        "url": "https://regentproducts.com/product_info.php?cPath=36&products_id=3204&osCsid=6vic27276t7ak7a4rskbj4ls92"
    },
    {
        "Title": "Activity Book Maze Craze 2asst In Pdq Ppd $3.95",
        "Price": "$0.75",
        "UPC": "0-88908-13800-1",
        "Item #": "1138",
        "Quantity In Case Pack": "24",
        "Description": "Activity Book Maze Craze 2asst In Pdq Ppd $3.95",
        "image_url": "https://regentproducts.com/images/1138.jpg",
        "url": "https://regentproducts.com/product_info.php?cPath=43&products_id=89&osCsid=6vic27276t7ak7a4rskbj4ls92"
    },
    {
        "Title": "Mesh Tubing Red/white/blue/tri- Color 8mm/36ft Patriotic Pbh",
        "Price": "$0.87",
        "UPC": "7-21003-88192-1",
        "Item #": "G88192",
        "Quantity In Case Pack": "36",
        "Description": "Mesh Tubing Red/white/blue/tri- Color 8mm/36ft Patriotic Pbh",
        "image_url": "https://regentproducts.com/images/G88192.jpg",
        "url": "https://regentproducts.com/product_info.php?cPath=30&products_id=2142&osCsid=6vic27276t7ak7a4rskbj4ls92"
    },
    {
        "Title": "Bird Ornament Clip On 6in 3asst W/feather/bead/gem Trim Craft Pbh Gold/white/red",
        "Price": "$0.65",
        "UPC": "7-21003-28185-1",
        "Item #": "G28185",
        "Quantity In Case Pack": "36",
        "Description": "Bird Ornament Clip On 6in 3asst W/feather/bead/gem Trim Craft Pbh  Gold/white/red",
        "image_url": "https://regentproducts.com/images/G28185.jpg",
        "url": "https://regentproducts.com/product_info.php?cPath=29&products_id=2010&osCsid=6vic27276t7ak7a4rskbj4ls92"
    },
    {
        "Title": "Tablecover Christmas 54x108 Pe Plastic 6 Prints/2 Solids Printed Polybag",
        "Price": "$0.70",
        "UPC": "7-21003-00172-5",
        "Item #": "G91172",
        "Quantity In Case Pack": "36",
        "Description": "Tablecover Christmas 54x108 Pe Plastic 6 Prints/2 Solids Printed Polybag",
        "image_url": "https://regentproducts.com/images/G91172.jpg",
        "url": "https://regentproducts.com/product_info.php?cPath=40&products_id=2990&osCsid=6vic27276t7ak7a4rskbj4ls92"
    },
    {
        "Title": "Drawer Organizer Plastic 2ast Size Med/small Collapsible Opp Bag W/home Insert Card",
        "Price": "$0.25",
        "UPC": "7-21003-20456-0",
        "Item #": "G20456",
        "Quantity In Case Pack": "48",
        "Description": "Drawer Organizer Plastic 2ast Size Med/small Collapsible Opp Bag W/home Insert Card",
        "image_url": "https://regentproducts.com/images/G20456.jpg",
        "url": "https://regentproducts.com/product_info.php?cPath=45&products_id=1679&osCsid=6vic27276t7ak7a4rskbj4ls92"
    },
    {
        "Title": "Straws Paper Foil Stripe/solid 15ct Gld/slvr Stpe Gld/slr/gr/rd Xmas Header",
        "Price": "$0.55",
        "UPC": "7-21003-91107-9",
        "Item #": "G91107T",
        "Quantity In Case Pack": "72",
        "Description": "Straws Paper Foil Stripe/solid 15ct Gld/slvr Stpe Gld/slr/gr/rd Xmas Header",
        "image_url": "https://regentproducts.com/images/G91107T.jpg",
        "url": "https://regentproducts.com/product_info.php?cPath=40&products_id=2476&osCsid=6vic27276t7ak7a4rskbj4ls92"
    },
    {
        "Title": "Tray Serving Santa/deer/tree Tree Shaped 12in Pp/upc Label",
        "Price": "$0.80",
        "UPC": "7-21003-91614-2",
        "Item #": "G91614T",
        "Quantity In Case Pack": "48",
        "Description": "Tray Serving Santa/deer/tree Tree Shaped 12in Pp/upc Label",
        "image_url": "https://regentproducts.com/images/G91614T.jpg",
        "url": "https://regentproducts.com/product_info.php?cPath=40&products_id=2524&osCsid=6vic27276t7ak7a4rskbj4ls92"
    },
    {
        "Title": "Aluminum Foil Bbq Veggie Pan Bulk No Label 2340pc Gaylord 10.5 X 12.5 Inch",
        "Price": "$0.15",
        "UPC": "NO UPC-0",
        "Item #": "10-20565NL",
        "Quantity In Case Pack": "2340",
        "Description": "Aluminum Foil Bbq Veggie Pan Bulk No Label 2340pc Gaylord 10.5 X 12.5 Inch",
        "image_url": "https://regentproducts.com/images/10-20565NL.jpg",
        "url": "https://regentproducts.com/product_info.php?cPath=45&products_id=12&osCsid=6vic27276t7ak7a4rskbj4ls92"
    },
    {
        "Title": "Egg Picks 2pk Natural Twine/ Paper Wrapped 4ast 10in Pbh",
        "Price": "$0.35",
        "UPC": "7-21003-90665-5",
        "Item #": "G90665",
        "Quantity In Case Pack": "24",
        "Description": "Egg Picks 2pk Natural Twine/ Paper Wrapped 4ast 10in Pbh",
        "image_url": "https://regentproducts.com/images/G90665.jpg",
        "url": "https://regentproducts.com/product_info.php?cPath=45&products_id=2380&osCsid=6vic27276t7ak7a4rskbj4ls92"
    },
    {
        "Title": "Egg Decor 3.9in Twine/paper 3 Plain/3 W/lace Detail Wrapped W/hanging Loop Easter Header",
        "Price": "$0.35",
        "UPC": "7-21003-90666-2",
        "Item #": "G90666",
        "Quantity In Case Pack": "36",
        "Description": "Egg Decor 3.9in Twine/paper 3 Plain/3 W/lace Detail Wrapped W/hanging Loop Easter Header",
        "image_url": "https://regentproducts.com/images/G90666.jpg",
        "url": "https://regentproducts.com/product_info.php?cPath=45&products_id=2381&osCsid=6vic27276t7ak7a4rskbj4ls92"
    },
    {
        "Title": "Dry Erase Boards Magnetic 3pk Round Reminder 5x5in Opp/header/insert",
        "Price": "$0.44",
        "UPC": "7-21003-02703-9",
        "Item #": "G02703",
        "Quantity In Case Pack": "36",
        "Description": "Dry Erase Boards Magnetic 3pk Round Reminder 5x5in Opp/header/insert",
        "image_url": "https://regentproducts.com/images/G02703.jpg",
        "url": "https://regentproducts.com/product_info.php?cPath=45&products_id=1271&osCsid=6vic27276t7ak7a4rskbj4ls92"
    },
    {
        "Title": "Dog Toy Christmas Viny Mitten 4in W/squeaker 4 Colors In Pdq Snowflake Design",
        "Price": "$0.50",
        "UPC": "7-21003-66712-9",
        "Item #": "66712P",
        "Quantity In Case Pack": "72",
        "Description": "Dog Toy Christmas Viny Mitten 4in W/squeaker 4 Colors In Pdq Snowflake Design",
        "image_url": "https://regentproducts.com/images/66712P.jpg",
        "url": "https://regentproducts.com/product_info.php?cPath=45&products_id=853&osCsid=6vic27276t7ak7a4rskbj4ls92"
    },
    {
        "Title": "Dictionary Webster\\'s Basic Paperback Over 55k Definitions",
        "Price": "$0.50",
        "UPC": "7-91328-56227-0",
        "Item #": "56227",
        "Quantity In Case Pack": "60",
        "Description": "Dictionary Webster's Basic Paperback Over 55k Definitions",
        "image_url": "https://regentproducts.com/images/56227.jpg",
        "url": "https://regentproducts.com/product_info.php?cPath=45&products_id=769&osCsid=6vic27276t7ak7a4rskbj4ls92"
    },
    {
        "Title": "Cupcake Basket 12ct Spring *4.99*",
        "Price": "$0.50",
        "UPC": "0-76753-04876-7",
        "Item #": "4876",
        "Quantity In Case Pack": "144",
        "Description": "Cupcake Basket 12ct Spring *4.99*",
        "image_url": "https://regentproducts.com/images/4876.jpg",
        "url": "https://regentproducts.com/product_info.php?cPath=45&products_id=688&osCsid=6vic27276t7ak7a4rskbj4ls92"
    },
    {
        "Title": "Corner Braces 4ct 2in Zinc Platd W/screws Bulldog Carded *5.99*",
        "Price": "$0.70",
        "UPC": "0-35061-21348-9",
        "Item #": "121348",
        "Quantity In Case Pack": "48",
        "Description": "Corner Braces 4ct 2in Zinc Platd W/screws Bulldog Carded *5.99*",
        "image_url": "https://regentproducts.com/images/121348.jpg",
        "url": "https://regentproducts.com/product_info.php?cPath=45&products_id=104&osCsid=6vic27276t7ak7a4rskbj4ls92"
    },
    {
        "Title": "Craft Kit Tic Tac Toe Fused Beads Perler *2.99* Carded",
        "Price": "$0.50",
        "UPC": "0-48533-52945-2",
        "Item #": "80-529452",
        "Quantity In Case Pack": "48",
        "Description": "Craft Kit Tic Tac Toe Fused Beads Perler *2.99* Carded",
        "image_url": "https://regentproducts.com/images/80-529452.jpg",
        "url": "https://regentproducts.com/product_info.php?cPath=45&products_id=980&osCsid=6vic27276t7ak7a4rskbj4ls92"
    },
    {
        "Title": "Coloring Book Giant Fairy Tales 4 Assorted Stories",
        "Price": "$0.50",
        "UPC": "VARIOUS-0",
        "Item #": "5533",
        "Quantity In Case Pack": "24",
        "Description": "Coloring Book Giant Fairy Tales 4 Assorted Stories",
        "image_url": "https://regentproducts.com/images/5533.jpg",
        "url": "https://regentproducts.com/product_info.php?cPath=45&products_id=756&osCsid=6vic27276t7ak7a4rskbj4ls92"
    },
    {
        "Title": "Craft Gems/jewels 32pc 3ast Butterfly/love/flower Plasticbag",
        "Price": "$0.44",
        "UPC": "7-21003-28171-4",
        "Item #": "G28171",
        "Quantity In Case Pack": "48",
        "Description": "Craft Gems/jewels 32pc 3ast Butterfly/love/flower Plasticbag",
        "image_url": "https://regentproducts.com/images/G28171.jpg",
        "url": "https://regentproducts.com/product_info.php?cPath=45&products_id=2005&osCsid=6vic27276t7ak7a4rskbj4ls92"
    },
    {
        "Title": "Candles All Purpose 5in 5 Pk",
        "Price": "$0.70",
        "UPC": "0-42196-56655-7",
        "Item #": "105X5",
        "Quantity In Case Pack": "48",
        "Description": "Candles All Purpose 5in 5 Pk",
        "image_url": "https://regentproducts.com/images/105X5.jpg",
        "url": "https://regentproducts.com/product_info.php?cPath=45&products_id=53&osCsid=6vic27276t7ak7a4rskbj4ls92"
    },
    {
        "Title": "Coffee Scoop 2ast Holiday Prints Red/green 1.25 Tsp/12pc Mdsgstrp Christmas Tie On Card",
        "Price": "$0.44",
        "UPC": "7-21003-91759-0",
        "Item #": "G91759CS",
        "Quantity In Case Pack": "24",
        "Description": "Coffee Scoop 2ast Holiday Prints Red/green 1.25 Tsp/12pc Mdsgstrp Christmas Tie On Card",
        "image_url": "https://regentproducts.com/images/G91759CS.jpg",
        "url": "https://regentproducts.com/product_info.php?cPath=45&products_id=2536&osCsid=6vic27276t7ak7a4rskbj4ls92"
    },
    {
        "Title": "Candles All Purpose 4 Inch 8pk",
        "Price": "$0.70",
        "UPC": "0-42196-10868-9",
        "Item #": "10860-8",
        "Quantity In Case Pack": "48",
        "Description": "Candles All Purpose 4 Inch 8pk",
        "image_url": "https://regentproducts.com/images/10860-8.jpg",
        "url": "https://regentproducts.com/product_info.php?cPath=45&products_id=64&osCsid=6vic27276t7ak7a4rskbj4ls92"
    },
    {
        "Title": "Candles All Purpose 4 Inch 7pk",
        "Price": "$0.70",
        "UPC": "0-42196-10867-2",
        "Item #": "10860-7",
        "Quantity In Case Pack": "48",
        "Description": "Candles All Purpose 4 Inch 7pk",
        "image_url": "https://regentproducts.com/images/10860-7.jpg",
        "url": "https://regentproducts.com/product_info.php?cPath=45&products_id=63&osCsid=6vic27276t7ak7a4rskbj4ls92"
    },
    {
        "Title": "Box Stickers Giant Size 5pgs Robot Or Car Decor Age 4+/pbh",
        "Price": "$0.44",
        "UPC": "7-21003-16140-5",
        "Item #": "G16140T",
        "Quantity In Case Pack": "48",
        "Description": "Box Stickers Giant Size 5pgs Robot Or Car Decor Age 4+/pbh",
        "image_url": "https://regentproducts.com/images/G16140T.jpg",
        "url": "https://regentproducts.com/product_info.php?cPath=45&products_id=1514&osCsid=6vic27276t7ak7a4rskbj4ls92"
    },
    {
        "Title": "Bike Horn 5.9in Orange Or Green Oppbag W/header",
        "Price": "$0.45",
        "UPC": "7-21003-21018-9",
        "Item #": "G21018",
        "Quantity In Case Pack": "24",
        "Description": "Bike Horn 5.9in Orange Or Green Oppbag W/header",
        "image_url": "https://regentproducts.com/images/G21018.jpg",
        "url": "https://regentproducts.com/product_info.php?cPath=45&products_id=1705&osCsid=6vic27276t7ak7a4rskbj4ls92"
    },
    {
        "Title": "Battery Case Holder Plastic Box W/dividers Aa/aaa 4x2in Ea Holds 12 Shrink/label",
        "Price": "$0.44",
        "UPC": "7-21003-09413-0",
        "Item #": "G09413",
        "Quantity In Case Pack": "48",
        "Description": "Battery Case Holder Plastic Box W/dividers Aa/aaa 4x2in Ea Holds 12 Shrink/label",
        "image_url": "https://regentproducts.com/images/G09413.jpg",
        "url": "https://regentproducts.com/product_info.php?cPath=45&products_id=1311&osCsid=6vic27276t7ak7a4rskbj4ls92"
    },
    {
        "Title": "Baking Cup Kit 3ea Boy/girl On 12pc Mdsg Stp/24-2in Cups W/pks Party Pbh",
        "Price": "$0.35",
        "UPC": "7-21003-24840-3",
        "Item #": "G24840CS",
        "Quantity In Case Pack": "48",
        "Description": "Baking Cup Kit 3ea Boy/girl On 12pc Mdsg Stp/24-2in Cups W/pks Party Pbh",
        "image_url": "https://regentproducts.com/images/G24840CS.jpg",
        "url": "https://regentproducts.com/product_info.php?cPath=45&products_id=1811&osCsid=6vic27276t7ak7a4rskbj4ls92"
    },
    {
        "Title": "Bag Clip 3pk 2ast Plastic Round Peace Or Heart/stat Card",
        "Price": "$0.25",
        "UPC": "7-21003-02610-0",
        "Item #": "G02610",
        "Quantity In Case Pack": "72",
        "Description": "Bag Clip 3pk 2ast Plastic Round Peace Or Heart/stat Card",
        "image_url": "https://regentproducts.com/images/G02610.jpg",
        "url": "https://regentproducts.com/product_info.php?cPath=45&products_id=1234&osCsid=6vic27276t7ak7a4rskbj4ls92"
    },
    {
        "Title": "Balloon Sticks With Cups 6pk 12in L Party/pbh",
        "Price": "$0.44",
        "UPC": "7-21003-24941-7",
        "Item #": "G24941",
        "Quantity In Case Pack": "36",
        "Description": "Balloon Sticks With Cups 6pk 12in L Party/pbh",
        "image_url": "https://regentproducts.com/images/G24941.jpg",
        "url": "https://regentproducts.com/product_info.php?cPath=45&products_id=1837&osCsid=6vic27276t7ak7a4rskbj4ls92"
    },
    {
        "Title": "Baking Cup 50ct Pink D-o-d Skeleton *2.99*",
        "Price": "$0.50",
        "UPC": "0-76753-05011-1",
        "Item #": "5011",
        "Quantity In Case Pack": "72",
        "Description": "Baking Cup 50ct Pink D-o-d Skeleton *2.99*",
        "image_url": "https://regentproducts.com/images/5011.jpg",
        "url": "https://regentproducts.com/product_info.php?cPath=45&products_id=701&osCsid=6vic27276t7ak7a4rskbj4ls92"
    },
    {
        "Title": "Serving Bowl Oval W/scallop Lip Cutglass Look Red/clr/grn In Pdq 10.5 X 8.25 X 2.75\"",
        "Price": "$0.87",
        "UPC": "7-21003-91013-3",
        "Item #": "91013P",
        "Quantity In Case Pack": "48",
        "Description": "Serving Bowl Oval W/scallop Lip Cutglass Look Red/clr/grn In Pdq 10.5 X 8.25 X 2.75\"",
        "image_url": "https://regentproducts.com/images/91013P.jpg",
        "url": "https://regentproducts.com/product_info.php?cPath=40&products_id=1063&osCsid=6vic27276t7ak7a4rskbj4ls92"
    },
    {
        "Title": "Serving Platter Oval 16.75x12.5 130 Oz 3 Colors In Pdq #11080 Red, White, Green",
        "Price": "$0.90",
        "UPC": "7-21003-91030-0",
        "Item #": "91030PN",
        "Quantity In Case Pack": "48",
        "Description": "Serving Platter Oval 16.75x12.5 130 Oz 3 Colors In Pdq #11080 Red, White, Green",
        "image_url": "https://regentproducts.com/images/91030PN.jpg",
        "url": "https://regentproducts.com/product_info.php?cPath=40&products_id=3458&osCsid=6vic27276t7ak7a4rskbj4ls92"
    },
    {
        "Title": "Baby Shower Tinsel Garland 9ft Pink/blue/yellow Gov Baby Art Tieon Card",
        "Price": "$0.25",
        "UPC": "7-21003-24632-4",
        "Item #": "G24632",
        "Quantity In Case Pack": "48",
        "Description": "Baby Shower Tinsel Garland 9ft Pink/blue/yellow Gov Baby Art Tieon Card",
        "image_url": "https://regentproducts.com/images/G24632.jpg",
        "url": "https://regentproducts.com/product_info.php?cPath=45&products_id=1801&osCsid=6vic27276t7ak7a4rskbj4ls92"
    },
    {
        "Title": "Placemat Plastic 3ast Christmas Prints 12x16 36pc Pdq/upc",
        "Price": "$0.55",
        "UPC": "7-21003-91919-8",
        "Item #": "G91919",
        "Quantity In Case Pack": "36",
        "Description": "Placemat Plastic 3ast Christmas Prints 12x16 36pc Pdq/upc",
        "image_url": "https://regentproducts.com/images/G91919.jpg",
        "url": "https://regentproducts.com/product_info.php?cPath=40&products_id=2557&osCsid=6vic27276t7ak7a4rskbj4ls92"
    },
    {
        "Title": "Award Medal 3pk Plastic Gold/silver/bronze Blistercard",
        "Price": "$0.44",
        "UPC": "7-21003-16018-7",
        "Item #": "G16018",
        "Quantity In Case Pack": "48",
        "Description": "Award Medal 3pk Plastic Gold/silver/bronze Blistercard",
        "image_url": "https://regentproducts.com/images/G16018.jpg",
        "url": "https://regentproducts.com/product_info.php?cPath=45&products_id=1462&osCsid=6vic27276t7ak7a4rskbj4ls92"
    },
    {
        "Title": "Storage/food Christmas Container Round 4ast W/striped Bottoms 75gm Plastic 6.7x5.9x4.3in Upc",
        "Price": "$1.00",
        "UPC": "7-21003-91613-5",
        "Item #": "G91613",
        "Quantity In Case Pack": "24",
        "Description": "Storage/food Christmas Container Round 4ast W/striped Bottoms 75gm Plastic 6.7x5.9x4.3in Upc",
        "image_url": "https://regentproducts.com/images/G91613.jpg",
        "url": "https://regentproducts.com/product_info.php?cPath=40&products_id=2523&osCsid=6vic27276t7ak7a4rskbj4ls92"
    },
    {
        "Title": "Serving Tray Rectangualr 15x10 3 Christmas Colors In Pdq",
        "Price": "$0.87",
        "UPC": "7-21003-91043-0",
        "Item #": "91043P",
        "Quantity In Case Pack": "48",
        "Description": "Serving Tray Rectangualr 15x10 3 Christmas Colors In Pdq",
        "image_url": "https://regentproducts.com/images/91043P.jpg",
        "url": "https://regentproducts.com/product_info.php?cPath=40&products_id=1064&osCsid=6vic27276t7ak7a4rskbj4ls92"
    },
    {
        "Title": "Mug 11oz 6asst Christmas Designs Designs Stoneware Upc Label",
        "Price": "$0.90",
        "UPC": "7-21003-91184-0",
        "Item #": "G91184",
        "Quantity In Case Pack": "24",
        "Description": "Mug 11oz 6asst Christmas Designs Designs Stoneware Upc Label",
        "image_url": "https://regentproducts.com/images/G91184.jpg",
        "url": "https://regentproducts.com/product_info.php?cPath=40&products_id=3005&osCsid=6vic27276t7ak7a4rskbj4ls92"
    },
    {
        "Title": "Lace Red & Green Doily 1/2/3pk Round/runner 8ast Xmas Header",
        "Price": "$0.78",
        "UPC": "7-21003-91779-8",
        "Item #": "G91779NT",
        "Quantity In Case Pack": "48",
        "Description": "Lace Red & Green Doily 1/2/3pk Round/runner 8ast Xmas Header",
        "image_url": "https://regentproducts.com/images/G91779NT.jpg",
        "url": "https://regentproducts.com/product_info.php?cPath=40&products_id=3463&osCsid=6vic27276t7ak7a4rskbj4ls92"
    },
    {
        "Title": "Food Storage Container Round 3 Qt 3 Color Lids - Clear Bottom Red, White, Green #omega Bowl 5",
        "Price": "$0.90",
        "UPC": "7-21003-91405-6",
        "Item #": "91405N",
        "Quantity In Case Pack": "48",
        "Description": "Food Storage Container Round 3 Qt 3 Color Lids - Clear Bottom Red, White, Green #omega Bowl 5",
        "image_url": "https://regentproducts.com/images/91405N.jpg",
        "url": "https://regentproducts.com/product_info.php?cPath=40&products_id=3460&osCsid=6vic27276t7ak7a4rskbj4ls92"
    },
    {
        "Title": "Lace 1/2/3 Pk Doily/runner 8asst Red & Green Xmas Header",
        "Price": "$0.78",
        "UPC": "7-21003-91779-8",
        "Item #": "G91779T",
        "Quantity In Case Pack": "96",
        "Description": "Lace 1/2/3 Pk Doily/runner 8asst Red & Green Xmas Header",
        "image_url": "https://regentproducts.com/images/G91779T.jpg",
        "url": "https://regentproducts.com/product_info.php?cPath=40&products_id=2537&osCsid=6vic27276t7ak7a4rskbj4ls92"
    },
    {
        "Title": "Food Storage Container Christmas Rect Red/grn W/clear Locking Lid & Handles 32g 14.75x3.375x10",
        "Price": "$2.25",
        "UPC": "7-21003-91216-8",
        "Item #": "G91216",
        "Quantity In Case Pack": "12",
        "Description": "Food Storage Container Christmas Rect Red/grn W/clear Locking Lid & Handles 32g 14.75x3.375x10",
        "image_url": "https://regentproducts.com/images/G91216.jpg",
        "url": "https://regentproducts.com/product_info.php?cPath=40&products_id=3187&osCsid=6vic27276t7ak7a4rskbj4ls92"
    },
    {
        "Title": "Dinnerware Kids 144pc Floor Disp 2ast Space Theme Santa/reindeer Bowl/cup/plate Xmas Upc",
        "Price": "$0.78",
        "UPC": "7-21003-91062-1",
        "Item #": "G91062NT",
        "Quantity In Case Pack": "144",
        "Description": "Dinnerware Kids 144pc Floor Disp 2ast Space Theme Santa/reindeer Bowl/cup/plate Xmas Upc",
        "image_url": "https://regentproducts.com/images/G91062NT.jpg",
        "url": "https://regentproducts.com/product_info.php?cPath=40&products_id=3059&osCsid=6vic27276t7ak7a4rskbj4ls92"
    },
    {
        "Title": "Cookies For Santa/elf 36pc Pdq Mug And 8in Plate Melamine",
        "Price": "$0.87",
        "UPC": "7-21003-91949-5",
        "Item #": "G91949NT",
        "Quantity In Case Pack": "36",
        "Description": "Cookies For Santa/elf 36pc Pdq Mug And 8in Plate Melamine",
        "image_url": "https://regentproducts.com/images/G91949NT.jpg",
        "url": "https://regentproducts.com/product_info.php?cPath=40&products_id=3150&osCsid=6vic27276t7ak7a4rskbj4ls92"
    },
    {
        "Title": "Candy Dish Christmas Ps 3shapes Tree/star/candy Red/green Upc",
        "Price": "$0.90",
        "UPC": "7-21003-91108-6",
        "Item #": "G91108T",
        "Quantity In Case Pack": "48",
        "Description": "Candy Dish Christmas Ps 3shapes Tree/star/candy Red/green Upc",
        "image_url": "https://regentproducts.com/images/G91108T.jpg",
        "url": "https://regentproducts.com/product_info.php?cPath=40&products_id=2477&osCsid=6vic27276t7ak7a4rskbj4ls92"
    },
    {
        "Title": "Wreath Frame Cross Wire 24x12in Green 2mmdia Craft Ht",
        "Price": "$0.97",
        "UPC": "7-21003-28178-3",
        "Item #": "G28178",
        "Quantity In Case Pack": "24",
        "Description": "Wreath Frame Cross Wire 24x12in Green 2mmdia Craft Ht",
        "image_url": "https://regentproducts.com/images/G28178.jpg",
        "url": "https://regentproducts.com/product_info.php?cPath=29&products_id=2007&osCsid=6vic27276t7ak7a4rskbj4ls92"
    },
    {
        "Title": "Stickers Foam Letters 124ct Self-stix 4 Sht Book/craft Art",
        "Price": "$0.25",
        "UPC": "7-21003-28148-6",
        "Item #": "G28148",
        "Quantity In Case Pack": "24",
        "Description": "Stickers Foam Letters 124ct Self-stix 4 Sht Book/craft Art",
        "image_url": "https://regentproducts.com/images/G28148.jpg",
        "url": "https://regentproducts.com/product_info.php?cPath=29&products_id=2001&osCsid=6vic27276t7ak7a4rskbj4ls92"
    },
    {
        "Title": "Tote Bag Small Craft 6x6in 5pk 6ast Colors Non-woven/card",
        "Price": "$0.68",
        "UPC": "7-21003-28190-5",
        "Item #": "G28190T",
        "Quantity In Case Pack": "24",
        "Description": "Tote Bag Small Craft 6x6in 5pk 6ast Colors Non-woven/card",
        "image_url": "https://regentproducts.com/images/G28190T.jpg",
        "url": "https://regentproducts.com/product_info.php?cPath=29&products_id=2013&osCsid=6vic27276t7ak7a4rskbj4ls92"
    },
    {
        "Title": "Tape Foam Mounting Double Stick 4ast Dot/square/rolls Stat Blstr",
        "Price": "$0.65",
        "UPC": "7-21003-02200-3",
        "Item #": "G02200T",
        "Quantity In Case Pack": "48",
        "Description": "Tape Foam Mounting Double Stick 4ast Dot/square/rolls Stat Blstr",
        "image_url": "https://regentproducts.com/images/G02200T.jpg",
        "url": "https://regentproducts.com/product_info.php?cPath=29&products_id=1227&osCsid=6vic27276t7ak7a4rskbj4ls92"
    },
    {
        "Title": "Magnet Dots Peel & Stick 3asst 48pc Sm/32pc Med/18 Lg Craft Blister",
        "Price": "$0.60",
        "UPC": "7-21003-28182-0",
        "Item #": "G28182T",
        "Quantity In Case Pack": "48",
        "Description": "Magnet Dots Peel & Stick 3asst 48pc Sm/32pc Med/18 Lg Craft Blister",
        "image_url": "https://regentproducts.com/images/G28182T.jpg",
        "url": "https://regentproducts.com/product_info.php?cPath=29&products_id=2008&osCsid=6vic27276t7ak7a4rskbj4ls92"
    },
    {
        "Title": "Rainbow Scratch Paper 3pk 8x11in W/plastic Stylus Craftpbh",
        "Price": "$0.78",
        "UPC": "7-21003-28189-9",
        "Item #": "G28189T",
        "Quantity In Case Pack": "36",
        "Description": "Rainbow Scratch Paper 3pk 8x11in W/plastic Stylus Craftpbh",
        "image_url": "https://regentproducts.com/images/G28189T.jpg",
        "url": "https://regentproducts.com/product_info.php?cPath=29&products_id=2012&osCsid=6vic27276t7ak7a4rskbj4ls92"
    },
    {
        "Title": "Natural Cork Tiles 2pk 12x12in Shrink W/insert",
        "Price": "$1.80",
        "UPC": "7-21003-28183-7",
        "Item #": "G28183T",
        "Quantity In Case Pack": "24",
        "Description": "Natural Cork Tiles 2pk 12x12in Shrink W/insert",
        "image_url": "https://regentproducts.com/images/G28183T.jpg",
        "url": "https://regentproducts.com/product_info.php?cPath=29&products_id=2009&osCsid=6vic27276t7ak7a4rskbj4ls92"
    },
    {
        "Title": "Hook & Loop Tape 60 X .75in Self-adhesive/color Box",
        "Price": "$0.75",
        "UPC": "7-21003-09450-5",
        "Item #": "G09450T",
        "Quantity In Case Pack": "48",
        "Description": "Hook & Loop Tape 60 X .75in Self-adhesive/color Box",
        "image_url": "https://regentproducts.com/images/G09450T.jpg",
        "url": "https://regentproducts.com/product_info.php?cPath=29&products_id=2773&osCsid=6vic27276t7ak7a4rskbj4ls92"
    },
    {
        "Title": "Glitter Glue 75ml/2.53oz 24pcp 6ast Clrs Toothpaste Tube Shape Bottle W/peg Hanger Craft Label",
        "Price": "$0.65",
        "UPC": "7-21003-28158-5",
        "Item #": "G28158T",
        "Quantity In Case Pack": "48",
        "Description": "Glitter Glue 75ml/2.53oz 24pcp 6ast Clrs Toothpaste Tube Shape Bottle W/peg Hanger Craft Label",
        "image_url": "https://regentproducts.com/images/G28158T.jpg",
        "url": "https://regentproducts.com/product_info.php?cPath=29&products_id=2004&osCsid=6vic27276t7ak7a4rskbj4ls92"
    },
    {
        "Title": "Easter Pom Craft Set Makes 6pc Bunny & Lamb Pb W/easter Hdr",
        "Price": "$0.70",
        "UPC": "7-21003-90789-8",
        "Item #": "G90789",
        "Quantity In Case Pack": "36",
        "Description": "Easter Pom Craft Set Makes 6pc Bunny & Lamb Pb W/easter Hdr",
        "image_url": "https://regentproducts.com/images/G90789.jpg",
        "url": "https://regentproducts.com/product_info.php?cPath=29&products_id=2682&osCsid=6vic27276t7ak7a4rskbj4ls92"
    },
    {
        "Title": "Glitter 6pk Mini Tubes 6ast Colors 3g 0.1oz Appx/pbh",
        "Price": "$0.68",
        "UPC": "7-21003-28173-8",
        "Item #": "G28173T",
        "Quantity In Case Pack": "36",
        "Description": "Glitter 6pk Mini Tubes 6ast Colors 3g 0.1oz Appx/pbh",
        "image_url": "https://regentproducts.com/images/G28173T.jpg",
        "url": "https://regentproducts.com/product_info.php?cPath=29&products_id=2006&osCsid=6vic27276t7ak7a4rskbj4ls92"
    },
    {
        "Title": "Craft Storage Jars 6/8 Pc 2ast Size Plastic W/tight Lids",
        "Price": "$0.65",
        "UPC": "7-21003-28114-1",
        "Item #": "G28114",
        "Quantity In Case Pack": "48",
        "Description": "Craft Storage Jars 6/8 Pc 2ast Size Plastic W/tight Lids",
        "image_url": "https://regentproducts.com/images/G28114.jpg",
        "url": "https://regentproducts.com/product_info.php?cPath=29&products_id=1999&osCsid=6vic27276t7ak7a4rskbj4ls92"
    },
    {
        "Title": "Craft Storage Jars 2pk Clear Plastic W/screw On Lids 3ast Sze 1.6/2.5/4.6 Oz Craft Pbh",
        "Price": "$0.65",
        "UPC": "7-21003-28115-8",
        "Item #": "G28115",
        "Quantity In Case Pack": "36",
        "Description": "Craft Storage Jars 2pk Clear Plastic W/screw On Lids 3ast Sze 1.6/2.5/4.6 Oz Craft Pbh",
        "image_url": "https://regentproducts.com/images/G28115.jpg",
        "url": "https://regentproducts.com/product_info.php?cPath=29&products_id=2000&osCsid=6vic27276t7ak7a4rskbj4ls92"
    },
    {
        "Title": "Craft Kit Love Stitch Art Wood Wall Decor 14 X 9 *24.99* See N2 Boxed",
        "Price": "$3.50",
        "UPC": "0-88677-74207-2",
        "Item #": "72-74207",
        "Quantity In Case Pack": "12",
        "Description": "Craft Kit Love Stitch Art Wood Wall Decor 14 X 9 *24.99* See N2 Boxed",
        "image_url": "https://regentproducts.com/images/72-74207.jpg",
        "url": "https://regentproducts.com/product_info.php?cPath=29&products_id=948&osCsid=6vic27276t7ak7a4rskbj4ls92"
    },
    {
        "Title": "Craft Kit Tic Tac Toe Fused Beads Perler *2.99* Carded",
        "Price": "$0.50",
        "UPC": "0-48533-52945-2",
        "Item #": "80-529452",
        "Quantity In Case Pack": "48",
        "Description": "Craft Kit Tic Tac Toe Fused Beads Perler *2.99* Carded",
        "image_url": "https://regentproducts.com/images/80-529452.jpg",
        "url": "https://regentproducts.com/product_info.php?cPath=29&products_id=980&osCsid=6vic27276t7ak7a4rskbj4ls92"
    },
    {
        "Title": "Craft Metal Wire 3pk 32.8ft Craft Hdr/12pc Mdsgstrip",
        "Price": "$0.70",
        "UPC": "7-21003-28188-2",
        "Item #": "G28188CST",
        "Quantity In Case Pack": "48",
        "Description": "Craft Metal Wire 3pk 32.8ft Craft Hdr/12pc Mdsgstrip",
        "image_url": "https://regentproducts.com/images/G28188CST.jpg",
        "url": "https://regentproducts.com/product_info.php?cPath=29&products_id=2011&osCsid=6vic27276t7ak7a4rskbj4ls92"
    },
    {
        "Title": "Craft Googly Eyes 6 Sizes Black Or Multi Color 33-300ct Craft Pbh",
        "Price": "$0.65",
        "UPC": "7-21003-28063-2",
        "Item #": "G28063T",
        "Quantity In Case Pack": "48",
        "Description": "Craft Googly Eyes 6 Sizes Black Or Multi Color 33-300ct Craft Pbh",
        "image_url": "https://regentproducts.com/images/G28063T.jpg",
        "url": "https://regentproducts.com/product_info.php?cPath=29&products_id=1998&osCsid=6vic27276t7ak7a4rskbj4ls92"
    },
    {
        "Title": "Craft Kit Owl Stitch Art Wood Wall Decor 10 X 14 *24.99* Seen2 Boxed",
        "Price": "$3.50",
        "UPC": "0-88677-74102-0",
        "Item #": "72-74210",
        "Quantity In Case Pack": "12",
        "Description": "Craft Kit Owl Stitch Art Wood Wall Decor 10 X 14 *24.99* Seen2 Boxed",
        "image_url": "https://regentproducts.com/images/72-74210.jpg",
        "url": "https://regentproducts.com/product_info.php?cPath=29&products_id=949&osCsid=6vic27276t7ak7a4rskbj4ls92"
    },
    {
        "Title": "Craft Kit Flower Stitch Art Wood Wall Decor 9 X 14 *24.99* See N2 Boxed",
        "Price": "$3.50",
        "UPC": "0-88677-74211-9",
        "Item #": "72-74211",
        "Quantity In Case Pack": "12",
        "Description": "Craft Kit Flower Stitch Art Wood Wall Decor 9 X 14 *24.99* See N2 Boxed",
        "image_url": "https://regentproducts.com/images/72-74211.jpg",
        "url": "https://regentproducts.com/product_info.php?cPath=29&products_id=950&osCsid=6vic27276t7ak7a4rskbj4ls92"
    },
    {
        "Title": "Craft Kit Java Stitch Art Wood Wall Decor 10 X 14 *24.99* Seen2 Boxed",
        "Price": "$3.50",
        "UPC": "0-88677-74212-6",
        "Item #": "72-74212",
        "Quantity In Case Pack": "12",
        "Description": "Craft Kit Java Stitch Art Wood Wall Decor 10 X 14 *24.99* Seen2 Boxed",
        "image_url": "https://regentproducts.com/images/72-74212.jpg",
        "url": "https://regentproducts.com/product_info.php?cPath=29&products_id=951&osCsid=6vic27276t7ak7a4rskbj4ls92"
    },
    {
        "Title": "Craft Kit Cross Stitch Dimensions Elephant Bib *9.99*",
        "Price": "$0.90",
        "UPC": "0-88677-73963-8",
        "Item #": "70-73963",
        "Quantity In Case Pack": "36",
        "Description": "Craft Kit Cross Stitch Dimensions Elephant Bib *9.99*",
        "image_url": "https://regentproducts.com/images/70-73963.jpg",
        "url": "https://regentproducts.com/product_info.php?cPath=29&products_id=926&osCsid=6vic27276t7ak7a4rskbj4ls92"
    },
    {
        "Title": "Craft Gems/jewels 32pc 3ast Butterfly/love/flower Plasticbag",
        "Price": "$0.44",
        "UPC": "7-21003-28171-4",
        "Item #": "G28171",
        "Quantity In Case Pack": "48",
        "Description": "Craft Gems/jewels 32pc 3ast Butterfly/love/flower Plasticbag",
        "image_url": "https://regentproducts.com/images/G28171.jpg",
        "url": "https://regentproducts.com/product_info.php?cPath=29&products_id=2005&osCsid=6vic27276t7ak7a4rskbj4ls92"
    },
    {
        "Title": "Vase Dolomite Puffed Triangle Design 2ast Grey/purple 3.9x7.9 In Stocklot-upc Label",
        "Price": "$0.97",
        "UPC": "7-21003-15791-0",
        "Item #": "G15791",
        "Quantity In Case Pack": "24",
        "Description": "Vase Dolomite Puffed Triangle Design 2ast Grey/purple 3.9x7.9 In Stocklot-upc Label",
        "image_url": "https://regentproducts.com/images/G15791.jpg",
        "url": "https://regentproducts.com/product_info.php?cPath=49&products_id=1433&osCsid=6vic27276t7ak7a4rskbj4ls92"
    },
    {
        "Title": "Bubble Gum Dubble Bubble Home Run Combo Bats/balls Shipper 96pc Floor Display",
        "Price": "$0.90",
        "UPC": "VARIOUS-0",
        "Item #": "SH018",
        "Quantity In Case Pack": "96",
        "Description": "Bubble Gum Dubble Bubble Home Run Combo Bats/balls Shipper 96pc Floor Display",
        "image_url": "https://regentproducts.com/images/SH018.jpg",
        "url": "https://regentproducts.com/product_info.php?cPath=43&products_id=2639&osCsid=6vic27276t7ak7a4rskbj4ls92"
    },
    {
        "Title": "Flashlight Alarm Clock White Digital Battery Operated *24.99* Clam Pack",
        "Price": "$3.60",
        "UPC": "0-29275-00637-1",
        "Item #": "2064W",
        "Quantity In Case Pack": "96",
        "Description": "Flashlight Alarm Clock White Digital Battery Operated *24.99* Clam Pack",
        "image_url": "https://regentproducts.com/images/2064W.jpg",
        "url": "https://regentproducts.com/product_info.php?cPath=42&products_id=2865&osCsid=6vic27276t7ak7a4rskbj4ls92"
    },
    {
        "Title": "Bubble Gum Tape Garfield 2.05 Oz In 12pc Cntr Display",
        "Price": "$0.87",
        "UPC": "6-86464-82000-4",
        "Item #": "C820",
        "Quantity In Case Pack": "144",
        "Description": "Bubble Gum Tape Garfield 2.05 Oz In 12pc Cntr Display",
        "image_url": "https://regentproducts.com/images/C820.jpg",
        "url": "https://regentproducts.com/product_info.php?cPath=43&products_id=1169&osCsid=6vic27276t7ak7a4rskbj4ls92"
    },
    {
        "Title": "Bubble Gum Dubble Bubble Pro- Ball 72pc Flr Disp 4 Asst Gum- Filled Sports Balls",
        "Price": "$0.90",
        "UPC": "6-86464-47000-1",
        "Item #": "SH470",
        "Quantity In Case Pack": "72",
        "Description": "Bubble Gum Dubble Bubble Pro- Ball 72pc Flr Disp 4 Asst Gum- Filled Sports Balls",
        "image_url": "https://regentproducts.com/images/SH470.jpg",
        "url": "https://regentproducts.com/product_info.php?cPath=43&products_id=2645&osCsid=6vic27276t7ak7a4rskbj4ls92"
    },
    {
        "Title": "Vase Dolomite Pebbled 2ast Blue/grey 3.75x7.9in Stocklot Upc Label",
        "Price": "$0.97",
        "UPC": "7-21003-15790-3",
        "Item #": "G15790",
        "Quantity In Case Pack": "24",
        "Description": "Vase Dolomite Pebbled 2ast Blue/grey 3.75x7.9in Stocklot Upc Label",
        "image_url": "https://regentproducts.com/images/G15790.jpg",
        "url": "https://regentproducts.com/product_info.php?cPath=49&products_id=1432&osCsid=6vic27276t7ak7a4rskbj4ls92"
    },
    {
        "Title": "Bowl Serving 12 Inch Scalloped Red, White, Blue In Pdq",
        "Price": "$0.80",
        "UPC": "7-21003-88107-5",
        "Item #": "88107N",
        "Quantity In Case Pack": "48",
        "Description": "Bowl Serving 12 Inch Scalloped Red, White, Blue In Pdq",
        "image_url": "https://regentproducts.com/images/88107N.jpg",
        "url": "https://regentproducts.com/product_info.php?cPath=43&products_id=2812&osCsid=6vic27276t7ak7a4rskbj4ls92"
    },
    {
        "Title": "Brownie Brittle 1 Oz Bag Chocolate/saltedcaramel Flr Dspl",
        "Price": "$0.75",
        "UPC": "VARIOUS-0",
        "Item #": "SG1300",
        "Quantity In Case Pack": "144",
        "Description": "Brownie Brittle 1 Oz Bag Chocolate/saltedcaramel Flr Dspl",
        "image_url": "https://regentproducts.com/images/SG1300.jpg",
        "url": "https://regentproducts.com/product_info.php?cPath=43&products_id=2971&osCsid=6vic27276t7ak7a4rskbj4ls92"
    },
    {
        "Title": "Bowl Large Round With Fruit Design 180 Oz 4 Colors In Pdq #magic Bowl",
        "Price": "$0.80",
        "UPC": "7-21003-41581-2",
        "Item #": "41581NP",
        "Quantity In Case Pack": "48",
        "Description": "Bowl Large Round With Fruit Design 180 Oz 4 Colors In Pdq #magic Bowl",
        "image_url": "https://regentproducts.com/images/41581NP.jpg",
        "url": "https://regentproducts.com/product_info.php?cPath=43&products_id=534&osCsid=6vic27276t7ak7a4rskbj4ls92"
    },
    {
        "Title": "Bowl 25 Oz Scalloped Edge/cover W/fruit Dsgn 3 Christmas Clr Pdq Red White Green #curve Bowl",
        "Price": "$0.87",
        "UPC": "7-21003-91003-4",
        "Item #": "91003P",
        "Quantity In Case Pack": "72",
        "Description": "Bowl 25 Oz Scalloped Edge/cover W/fruit Dsgn 3 Christmas Clr Pdq Red White Green #curve Bowl",
        "image_url": "https://regentproducts.com/images/91003P.jpg",
        "url": "https://regentproducts.com/product_info.php?cPath=43&products_id=1061&osCsid=6vic27276t7ak7a4rskbj4ls92"
    },
    {
        "Title": "Board Books Mighty Movers 2 Assorted In Pdq",
        "Price": "$0.75",
        "UPC": "0-88908-52630-3",
        "Item #": "5263",
        "Quantity In Case Pack": "48",
        "Description": "Board Books Mighty Movers 2 Assorted In Pdq",
        "image_url": "https://regentproducts.com/images/5263.jpg",
        "url": "https://regentproducts.com/product_info.php?cPath=43&products_id=2717&osCsid=6vic27276t7ak7a4rskbj4ls92"
    },
    {
        "Title": "Bible Stories Read And Color 2 Asstd Easy Tear Out Pages In 24 Ct Pdq",
        "Price": "$0.75",
        "UPC": "8-14625-01239-9",
        "Item #": "2121",
        "Quantity In Case Pack": "24",
        "Description": "Bible Stories Read And Color 2 Asstd Easy Tear Out Pages In 24 Ct Pdq",
        "image_url": "https://regentproducts.com/images/2121.jpg",
        "url": "https://regentproducts.com/product_info.php?cPath=43&products_id=281&osCsid=6vic27276t7ak7a4rskbj4ls92"
    },
    {
        "Title": "Bath Sponge 2-tone/tricolor/& 4 Solids 12asst In 120pc Pvc Tube Display Ea With Hba Hangtag",
        "Price": "$0.78",
        "UPC": "7-21003-14328-9",
        "Item #": "G14328",
        "Quantity In Case Pack": "120",
        "Description": "Bath Sponge 2-tone/tricolor/& 4 Solids 12asst In 120pc Pvc Tube Display Ea With Hba Hangtag",
        "image_url": "https://regentproducts.com/images/G14328.jpg",
        "url": "https://regentproducts.com/product_info.php?cPath=43&products_id=1365&osCsid=6vic27276t7ak7a4rskbj4ls92"
    },
    {
        "Title": "Board Books Christmas 4asst Titles 9x4.25 In 24ct Cntr Disp",
        "Price": "$0.80",
        "UPC": "8-14625-01679-3",
        "Item #": "6208",
        "Quantity In Case Pack": "48",
        "Description": "Board Books Christmas 4asst Titles 9x4.25 In 24ct Cntr Disp",
        "image_url": "https://regentproducts.com/images/6208.jpg",
        "url": "https://regentproducts.com/product_info.php?cPath=43&products_id=821&osCsid=6vic27276t7ak7a4rskbj4ls92"
    },
    {
        "Title": "Board Book Baby Animals 2 Assorted In Pdq",
        "Price": "$0.75",
        "UPC": "0-88908-52670-9",
        "Item #": "5267",
        "Quantity In Case Pack": "48",
        "Description": "Board Book Baby Animals 2 Assorted In Pdq",
        "image_url": "https://regentproducts.com/images/5267.jpg",
        "url": "https://regentproducts.com/product_info.php?cPath=43&products_id=2718&osCsid=6vic27276t7ak7a4rskbj4ls92"
    },
    {
        "Title": "Batteries Lithium Button Asstd Rayovac Pdq 1 Pk 112 Pcs Ref#sst0903",
        "Price": "$84.00",
        "UPC": "VARIOUS-0",
        "Item #": "0903",
        "Quantity In Case Pack": "1",
        "Description": "Batteries Lithium Button Asstd Rayovac Pdq 1 Pk 112 Pcs Ref#sst0903",
        "image_url": "https://regentproducts.com/images/0903.jpg",
        "url": "https://regentproducts.com/product_info.php?cPath=43&products_id=11&osCsid=6vic27276t7ak7a4rskbj4ls92"
    },
    {
        "Title": "Basket Mini Round 16.5 Inch Dia 9.65 Inch Tall 4 Colors Poly Bag #1416",
        "Price": "$0.87",
        "UPC": "7-21003-41110-4",
        "Item #": "41110",
        "Quantity In Case Pack": "24",
        "Description": "Basket Mini Round 16.5 Inch Dia 9.65 Inch Tall 4 Colors Poly Bag #1416",
        "image_url": "https://regentproducts.com/images/41110.jpg",
        "url": "https://regentproducts.com/product_info.php?cPath=43&products_id=2934&osCsid=6vic27276t7ak7a4rskbj4ls92"
    },
    {
        "Title": "Basket Laundry 17.9 Inch Dia 11.2 Inch Tall 4 Colors Poly Bag #1418",
        "Price": "$1.50",
        "UPC": "7-21003-41111-1",
        "Item #": "41111",
        "Quantity In Case Pack": "24",
        "Description": "Basket Laundry 17.9 Inch Dia 11.2 Inch Tall 4 Colors Poly Bag #1418",
        "image_url": "https://regentproducts.com/images/41111.jpg",
        "url": "https://regentproducts.com/product_info.php?cPath=43&products_id=2935&osCsid=6vic27276t7ak7a4rskbj4ls92"
    },
    {
        "Title": "Bank Metal W/removable Lid $50 & $100 Design In 24pc Pdq 5 H X 3.15 D/upc Opp Bag",
        "Price": "$0.88",
        "UPC": "7-21003-41057-2",
        "Item #": "41057PB",
        "Quantity In Case Pack": "24",
        "Description": "Bank Metal W/removable Lid $50 & $100 Design In 24pc Pdq 5 H X 3.15 D/upc Opp Bag",
        "image_url": "https://regentproducts.com/images/41057PB.jpg",
        "url": "https://regentproducts.com/product_info.php?cPath=43&products_id=510&osCsid=6vic27276t7ak7a4rskbj4ls92"
    },
    {
        "Title": "Aluminum Roaster Giant Oval/rect Combo Pack In Floor Display Made In Usa",
        "Price": "$0.87",
        "UPC": "VARIOUS-0",
        "Item #": "D41150TR",
        "Quantity In Case Pack": "150",
        "Description": "Aluminum Roaster Giant Oval/rect Combo Pack In Floor Display Made In Usa",
        "image_url": "https://regentproducts.com/images/D41150TR.jpg",
        "url": "https://regentproducts.com/product_info.php?cPath=43&products_id=1194&osCsid=6vic27276t7ak7a4rskbj4ls92"
    },
    {
        "Title": "Aluminum Bakeware 108 Pc Display 6asst Multipc Cake/loaf/pie Pans Made In Usa",
        "Price": "$0.77",
        "UPC": "VARIOUS-0",
        "Item #": "D24188",
        "Quantity In Case Pack": "108",
        "Description": "Aluminum Bakeware 108 Pc Display 6asst Multipc Cake/loaf/pie Pans Made In Usa",
        "image_url": "https://regentproducts.com/images/D24188.jpg",
        "url": "https://regentproducts.com/product_info.php?cPath=43&products_id=1190&osCsid=6vic27276t7ak7a4rskbj4ls92"
    },
    {
        "Title": "Aluminum Bakeware 108 Pc Display 4 Ast Items 3 Cake And 1 Pie Made In Usa",
        "Price": "$0.77",
        "UPC": "VARIOUS-0",
        "Item #": "D25108",
        "Quantity In Case Pack": "108",
        "Description": "Aluminum Bakeware 108 Pc Display 4 Ast Items 3 Cake And 1 Pie Made In Usa",
        "image_url": "https://regentproducts.com/images/D25108.jpg",
        "url": "https://regentproducts.com/product_info.php?cPath=43&products_id=1191&osCsid=6vic27276t7ak7a4rskbj4ls92"
    },
    {
        "Title": "Bandages Kids 20ct 40pc Display Curad 4 Assorted - See N2 # Decodisp",
        "Price": "$0.80",
        "UPC": "VARIOUS-0",
        "Item #": "933979",
        "Quantity In Case Pack": "40",
        "Description": "Bandages Kids 20ct 40pc Display Curad 4 Assorted - See N2 # Decodisp",
        "image_url": "https://regentproducts.com/images/933979.jpg",
        "url": "https://regentproducts.com/product_info.php?cPath=43&products_id=1089&osCsid=6vic27276t7ak7a4rskbj4ls92"
    },
    {
        "Title": "Aromar Aromatic Oils 2.2 Oz Assorted Fragrances In 24pc Counter Display",
        "Price": "$1.35",
        "UPC": "VARIOUS-0",
        "Item #": "S101516",
        "Quantity In Case Pack": "48",
        "Description": "Aromar Aromatic Oils 2.2 Oz Assorted Fragrances In 24pc Counter Display",
        "image_url": "https://regentproducts.com/images/S101516.jpg",
        "url": "https://regentproducts.com/product_info.php?cPath=43&products_id=2636&osCsid=6vic27276t7ak7a4rskbj4ls92"
    },
    {
        "Title": "Activity Books School Zone #5 Mazes/word Search 2 Assorted Pdq",
        "Price": "$0.75",
        "UPC": "VARIOUS-0",
        "Item #": "6343",
        "Quantity In Case Pack": "24",
        "Description": "Activity Books School Zone #5 Mazes/word Search 2 Assorted Pdq",
        "image_url": "https://regentproducts.com/images/6343.jpg",
        "url": "https://regentproducts.com/product_info.php?cPath=43&products_id=831&osCsid=6vic27276t7ak7a4rskbj4ls92"
    },
    {
        "Title": "Almond Roca 3 Pc In 90 Ct Shipper 1.2 Oz # 0741",
        "Price": "$0.97",
        "UPC": "0-41770-04230-2",
        "Item #": "07410",
        "Quantity In Case Pack": "90",
        "Description": "Almond Roca 3 Pc In 90 Ct Shipper 1.2 Oz # 0741",
        "image_url": "https://regentproducts.com/images/07410.jpg",
        "url": "https://regentproducts.com/product_info.php?cPath=43&products_id=10&osCsid=6vic27276t7ak7a4rskbj4ls92"
    },
    {
        "Title": "Activity Books School Zone #4 Hidden Pics/connect Dots Pdq 2 Assorted",
        "Price": "$0.75",
        "UPC": "VARIOUS-0",
        "Item #": "6342",
        "Quantity In Case Pack": "24",
        "Description": "Activity Books School Zone #4 Hidden Pics/connect Dots Pdq 2 Assorted",
        "image_url": "https://regentproducts.com/images/6342.jpg",
        "url": "https://regentproducts.com/product_info.php?cPath=43&products_id=830&osCsid=6vic27276t7ak7a4rskbj4ls92"
    },
    {
        "Title": "Lantern Decorative Metal W/star Cutouts Lite-up 3ast Clr W/hndl Approx 4x5in Red/white/blue Ht",
        "Price": "$2.25",
        "UPC": "7-21003-88215-7",
        "Item #": "G88215",
        "Quantity In Case Pack": "18",
        "Description": "Lantern Decorative Metal W/star Cutouts Lite-up 3ast Clr W/hndl Approx 4x5in Red/white/blue Ht",
        "image_url": "https://regentproducts.com/images/G88215.jpg",
        "url": "https://regentproducts.com/product_info.php?cPath=30&products_id=2715&osCsid=6vic27276t7ak7a4rskbj4ls92"
    },
    {
        "Title": "Disinfectant Spray 6oz Citrus Aerosol",
        "Price": "$1.30",
        "UPC": "0-10228-10423-7",
        "Item #": "419-0423",
        "Quantity In Case Pack": "12",
        "Description": "Disinfectant Spray 6oz Citrus Aerosol",
        "image_url": "https://regentproducts.com/images/419-0423.jpg",
        "url": "https://regentproducts.com/product_info.php?cPath=44&products_id=562&osCsid=6vic27276t7ak7a4rskbj4ls92"
    },
    {
        "Title": "Lei Patriotic 3pk Polyester 20in Barbell Header",
        "Price": "$0.75",
        "UPC": "7-21003-88214-0",
        "Item #": "G88214",
        "Quantity In Case Pack": "24",
        "Description": "Lei Patriotic 3pk Polyester 20in Barbell Header",
        "image_url": "https://regentproducts.com/images/G88214.jpg",
        "url": "https://regentproducts.com/product_info.php?cPath=30&products_id=2696&osCsid=6vic27276t7ak7a4rskbj4ls92"
    },
    {
        "Title": "Headband Patriotic 6ast Style Patriotic Barbell Card",
        "Price": "$0.98",
        "UPC": "7-21003-88086-3",
        "Item #": "G88086S",
        "Quantity In Case Pack": "48",
        "Description": "Headband Patriotic 6ast Style Patriotic Barbell Card",
        "image_url": "https://regentproducts.com/images/G88086S.jpg",
        "url": "https://regentproducts.com/product_info.php?cPath=30&products_id=2131&osCsid=6vic27276t7ak7a4rskbj4ls92"
    },
    {
        "Title": "Ice Cube Tray Star Shapes 3ast Easy Popout Red/white/blue Base 21 Slots Pat Ht",
        "Price": "$0.78",
        "UPC": "7-21003-88203-4",
        "Item #": "G88203",
        "Quantity In Case Pack": "48",
        "Description": "Ice Cube Tray Star Shapes 3ast Easy Popout Red/white/blue Base 21 Slots Pat Ht",
        "image_url": "https://regentproducts.com/images/G88203.jpg",
        "url": "https://regentproducts.com/product_info.php?cPath=30&products_id=2148&osCsid=6vic27276t7ak7a4rskbj4ls92"
    },
    {
        "Title": "Headbopper Patriotic 6asst Style Patriotic Barbell Card",
        "Price": "$0.70",
        "UPC": "7-21003-88216-4",
        "Item #": "G88216",
        "Quantity In Case Pack": "36",
        "Description": "Headbopper Patriotic 6asst Style Patriotic Barbell Card",
        "image_url": "https://regentproducts.com/images/G88216.jpg",
        "url": "https://regentproducts.com/product_info.php?cPath=30&products_id=2746&osCsid=6vic27276t7ak7a4rskbj4ls92"
    },
    {
        "Title": "Glow Stick 102pc Patriotic Disp 7asst Styles In Power Panel Ea In Foil Bag",
        "Price": "$76.88",
        "UPC": "7-21003-88160-0",
        "Item #": "G88160",
        "Quantity In Case Pack": "1",
        "Description": "Glow Stick 102pc Patriotic Disp 7asst Styles In Power Panel Ea In Foil Bag",
        "image_url": "https://regentproducts.com/images/G88160.jpg",
        "url": "https://regentproducts.com/product_info.php?cPath=30&products_id=2137&osCsid=6vic27276t7ak7a4rskbj4ls92"
    },
    {
        "Title": "Hat Patriotic Large Metallic Shine 2ast 8.25in Ht/jhook Adult Use",
        "Price": "$1.98",
        "UPC": "7-21003-88200-3",
        "Item #": "G88200",
        "Quantity In Case Pack": "24",
        "Description": "Hat Patriotic Large Metallic Shine 2ast 8.25in Ht/jhook Adult Use",
        "image_url": "https://regentproducts.com/images/G88200.jpg",
        "url": "https://regentproducts.com/product_info.php?cPath=30&products_id=2145&osCsid=6vic27276t7ak7a4rskbj4ls92"
    },
    {
        "Title": "Gel Stickers Patriotic 8 Asst 7.87x7.87 Patriotic Polyag/hdr",
        "Price": "$0.75",
        "UPC": "7-21003-88213-3",
        "Item #": "G88213",
        "Quantity In Case Pack": "72",
        "Description": "Gel Stickers Patriotic 8 Asst 7.87x7.87 Patriotic Polyag/hdr",
        "image_url": "https://regentproducts.com/images/G88213.jpg",
        "url": "https://regentproducts.com/product_info.php?cPath=30&products_id=2154&osCsid=6vic27276t7ak7a4rskbj4ls92"
    },
    {
        "Title": "Floral Bouquet Patriotic 6-stem 15in 6ast Styles 3-color Mix Patriotic Ht",
        "Price": "$0.75",
        "UPC": "7-21003-88098-6",
        "Item #": "G88098N",
        "Quantity In Case Pack": "24",
        "Description": "Floral Bouquet Patriotic 6-stem 15in 6ast Styles 3-color Mix Patriotic Ht",
        "image_url": "https://regentproducts.com/images/G88098N.jpg",
        "url": "https://regentproducts.com/product_info.php?cPath=30&products_id=2740&osCsid=6vic27276t7ak7a4rskbj4ls92"
    },
    {
        "Title": "Flag Usa On 17in Led Light Stick Blue Or Red Multiclr Lights 3-function Lightup Feat Pat Pbh",
        "Price": "$1.58",
        "UPC": "7-21003-88201-0",
        "Item #": "G88201",
        "Quantity In Case Pack": "48",
        "Description": "Flag Usa On 17in Led Light Stick Blue Or Red Multiclr Lights 3-function Lightup Feat Pat Pbh",
        "image_url": "https://regentproducts.com/images/G88201.jpg",
        "url": "https://regentproducts.com/product_info.php?cPath=30&products_id=2146&osCsid=6vic27276t7ak7a4rskbj4ls92"
    },
    {
        "Title": "Garland Tinsel Patriotic 9ft 6 Styles Patriot Barbell Card",
        "Price": "$0.78",
        "UPC": "7-21003-88100-6",
        "Item #": "G88100N",
        "Quantity In Case Pack": "48",
        "Description": "Garland Tinsel Patriotic 9ft 6 Styles Patriot Barbell Card",
        "image_url": "https://regentproducts.com/images/G88100N.jpg",
        "url": "https://regentproducts.com/product_info.php?cPath=30&products_id=2132&osCsid=6vic27276t7ak7a4rskbj4ls92"
    },
    {
        "Title": "Flag American 3pk 12x7 Flag 15.7in Wooden Dowel In 72pc Pdq Patriotic Label",
        "Price": "$0.70",
        "UPC": "7-21003-88127-3",
        "Item #": "G88127T",
        "Quantity In Case Pack": "72",
        "Description": "Flag American 3pk 12x7 Flag 15.7in Wooden Dowel In 72pc Pdq Patriotic Label",
        "image_url": "https://regentproducts.com/images/G88127T.jpg",
        "url": "https://regentproducts.com/product_info.php?cPath=30&products_id=2134&osCsid=6vic27276t7ak7a4rskbj4ls92"
    },
    {
        "Title": "Flag Banner On Dowel W/hanging Ribbon 16.25 X 30.875in/pat Ht",
        "Price": "$0.87",
        "UPC": "7-21003-88026-9",
        "Item #": "G88026T",
        "Quantity In Case Pack": "36",
        "Description": "Flag Banner On Dowel W/hanging Ribbon 16.25 X 30.875in/pat Ht",
        "image_url": "https://regentproducts.com/images/G88026T.jpg",
        "url": "https://regentproducts.com/product_info.php?cPath=30&products_id=2128&osCsid=6vic27276t7ak7a4rskbj4ls92"
    },
    {
        "Title": "Door Hanger Patriotic W/5 Bells 2ast W/bow Apx 11.5in/barbellhdr",
        "Price": "$0.78",
        "UPC": "7-21003-88182-2",
        "Item #": "G88182",
        "Quantity In Case Pack": "36",
        "Description": "Door Hanger Patriotic W/5 Bells 2ast W/bow Apx 11.5in/barbellhdr",
        "image_url": "https://regentproducts.com/images/G88182.jpg",
        "url": "https://regentproducts.com/product_info.php?cPath=30&products_id=2140&osCsid=6vic27276t7ak7a4rskbj4ls92"
    },
    {
        "Title": "Bunting Patriotic Polystr 4ft W X24in W/metal Grommets *6.99* No Amazon Sales",
        "Price": "$2.08",
        "UPC": "7-21003-88170-9",
        "Item #": "G88170",
        "Quantity In Case Pack": "24",
        "Description": "Bunting Patriotic Polystr 4ft W X24in W/metal Grommets *6.99* No Amazon Sales",
        "image_url": "https://regentproducts.com/images/G88170.jpg",
        "url": "https://regentproducts.com/product_info.php?cPath=30&products_id=2139&osCsid=6vic27276t7ak7a4rskbj4ls92"
    },
    {
        "Title": "Flag American 12x18 On 32 Inch Wooden Pole In 48pc Pdq Patriotic Label",
        "Price": "$0.78",
        "UPC": "7-21003-88063-4",
        "Item #": "G88063T",
        "Quantity In Case Pack": "48",
        "Description": "Flag American 12x18 On 32 Inch Wooden Pole In 48pc Pdq Patriotic Label",
        "image_url": "https://regentproducts.com/images/G88063T.jpg",
        "url": "https://regentproducts.com/product_info.php?cPath=30&products_id=2130&osCsid=6vic27276t7ak7a4rskbj4ls92"
    },
    {
        "Title": "Bucket 2pk Plastic W/handle 5.1x4.7in Red/wht/blue Solid Per Pk W/upc Label",
        "Price": "$0.75",
        "UPC": "7-21003-28924-6",
        "Item #": "G41289-24",
        "Quantity In Case Pack": "24",
        "Description": "Bucket 2pk Plastic W/handle 5.1x4.7in Red/wht/blue Solid Per Pk W/upc Label",
        "image_url": "https://regentproducts.com/images/G41289-24.jpg",
        "url": "https://regentproducts.com/product_info.php?cPath=30&products_id=2038&osCsid=6vic27276t7ak7a4rskbj4ls92"
    },
    {
        "Title": "Bow Patriotic Velvet Single/2pk 4ast 26in/8in Patriotic Tcd 2ast For Each Size",
        "Price": "$0.75",
        "UPC": "7-21003-88212-6",
        "Item #": "G88212",
        "Quantity In Case Pack": "24",
        "Description": "Bow Patriotic Velvet Single/2pk 4ast 26in/8in Patriotic Tcd 2ast For Each Size",
        "image_url": "https://regentproducts.com/images/G88212.jpg",
        "url": "https://regentproducts.com/product_info.php?cPath=30&products_id=2153&osCsid=6vic27276t7ak7a4rskbj4ls92"
    },
    {
        "Title": "Bowl Serving 12 Inch Scalloped Red, White, Blue In Pdq",
        "Price": "$0.80",
        "UPC": "7-21003-88107-5",
        "Item #": "88107N",
        "Quantity In Case Pack": "48",
        "Description": "Bowl Serving 12 Inch Scalloped Red, White, Blue In Pdq",
        "image_url": "https://regentproducts.com/images/88107N.jpg",
        "url": "https://regentproducts.com/product_info.php?cPath=30&products_id=2812&osCsid=6vic27276t7ak7a4rskbj4ls92"
    },
    {
        "Title": "Bow Patriotic 26in Velvet 4ast Styles Stars/stripes Patriotic Tcd",
        "Price": "$0.88",
        "UPC": "7-21003-88125-9",
        "Item #": "G88125N",
        "Quantity In Case Pack": "48",
        "Description": "Bow Patriotic 26in Velvet 4ast Styles Stars/stripes Patriotic Tcd",
        "image_url": "https://regentproducts.com/images/G88125N.jpg",
        "url": "https://regentproducts.com/product_info.php?cPath=30&products_id=2133&osCsid=6vic27276t7ak7a4rskbj4ls92"
    },
    {
        "Title": "Banner Patriotic Faux Burlap W/hotstamp Print 2ast 14x10in Ht",
        "Price": "$0.68",
        "UPC": "7-21003-88204-1",
        "Item #": "G88204",
        "Quantity In Case Pack": "36",
        "Description": "Banner Patriotic Faux Burlap W/hotstamp Print 2ast 14x10in Ht",
        "image_url": "https://regentproducts.com/images/G88204.jpg",
        "url": "https://regentproducts.com/product_info.php?cPath=30&products_id=2149&osCsid=6vic27276t7ak7a4rskbj4ls92"
    },
    {
        "Title": "Banner Patriotic 30ft Giant Triangle Red/white/blue Pbh",
        "Price": "$0.97",
        "UPC": "7-21003-88186-0",
        "Item #": "G88186",
        "Quantity In Case Pack": "24",
        "Description": "Banner Patriotic 30ft Giant Triangle Red/white/blue Pbh",
        "image_url": "https://regentproducts.com/images/G88186.jpg",
        "url": "https://regentproducts.com/product_info.php?cPath=30&products_id=2141&osCsid=6vic27276t7ak7a4rskbj4ls92"
    },
    {
        "Title": "Balloon Weight/tinsel Centerpice Patriotic 12in 2ast Blue/silver Base W/star Spray Patriotic L",
        "Price": "$0.65",
        "UPC": "7-21003-88196-9",
        "Item #": "G88196",
        "Quantity In Case Pack": "24",
        "Description": "Balloon Weight/tinsel Centerpice Patriotic 12in 2ast Blue/silver Base W/star Spray Patriotic L",
        "image_url": "https://regentproducts.com/images/G88196.jpg",
        "url": "https://regentproducts.com/product_info.php?cPath=30&products_id=2144&osCsid=6vic27276t7ak7a4rskbj4ls92"
    },
    {
        "Title": "Cleaner Orange 32oz W/trigger First Force",
        "Price": "$0.90",
        "UPC": "0-58847-95080-4",
        "Item #": "95080",
        "Quantity In Case Pack": "12",
        "Description": "Cleaner Orange 32oz W/trigger First Force",
        "image_url": "https://regentproducts.com/images/95080.jpg",
        "url": "https://regentproducts.com/product_info.php?cPath=44&products_id=1105&osCsid=6vic27276t7ak7a4rskbj4ls92"
    },
    {
        "Title": "Cleaner Disinfectant 40oz Pine Antibacterial W/cap Pine Glo",
        "Price": "$1.20",
        "UPC": "0-76061-21151-8",
        "Item #": "21151",
        "Quantity In Case Pack": "12",
        "Description": "Cleaner Disinfectant 40oz Pine Antibacterial W/cap Pine Glo",
        "image_url": "https://regentproducts.com/images/21151.jpg",
        "url": "https://regentproducts.com/product_info.php?cPath=44&products_id=279&osCsid=6vic27276t7ak7a4rskbj4ls92"
    },
    {
        "Title": "Cleaner Disinfectant 40oz Ocean Antibacterial W/cap Pine Glo",
        "Price": "$1.20",
        "UPC": "0-76061-40311-1",
        "Item #": "40311",
        "Quantity In Case Pack": "12",
        "Description": "Cleaner Disinfectant 40oz Ocean Antibacterial W/cap Pine Glo",
        "image_url": "https://regentproducts.com/images/40311.jpg",
        "url": "https://regentproducts.com/product_info.php?cPath=44&products_id=498&osCsid=6vic27276t7ak7a4rskbj4ls92"
    },
    {
        "Title": "Cleaner Disinfectant 40oz Orange Antibacterial W/cap Pine Glo",
        "Price": "$1.20",
        "UPC": "0-76061-40002-8",
        "Item #": "400028",
        "Quantity In Case Pack": "12",
        "Description": "Cleaner Disinfectant 40oz Orange Antibacterial W/cap Pine Glo",
        "image_url": "https://regentproducts.com/images/400028.jpg",
        "url": "https://regentproducts.com/product_info.php?cPath=44&products_id=482&osCsid=6vic27276t7ak7a4rskbj4ls92"
    },
    {
        "Title": "Cleaner Disinfectant 40oz Lemon Antibacterial W/cap Pine Glo",
        "Price": "$1.20",
        "UPC": "0-76061-21146-4",
        "Item #": "21146",
        "Quantity In Case Pack": "12",
        "Description": "Cleaner Disinfectant 40oz Lemon Antibacterial W/cap Pine Glo",
        "image_url": "https://regentproducts.com/images/21146.jpg",
        "url": "https://regentproducts.com/product_info.php?cPath=44&products_id=278&osCsid=6vic27276t7ak7a4rskbj4ls92"
    },
    {
        "Title": "Cleaner Disinfectant 40oz Lavndr Antibacterial W/cap Pine Glo",
        "Price": "$1.20",
        "UPC": "0-76061-40001-1",
        "Item #": "40001",
        "Quantity In Case Pack": "12",
        "Description": "Cleaner Disinfectant 40oz Lavndr Antibacterial W/cap Pine Glo",
        "image_url": "https://regentproducts.com/images/40001.jpg",
        "url": "https://regentproducts.com/product_info.php?cPath=44&products_id=481&osCsid=6vic27276t7ak7a4rskbj4ls92"
    },
    {
        "Title": "Cleaner All Purpose 64oz Refill Pine First Force",
        "Price": "$0.90",
        "UPC": "0-58847-18920-4",
        "Item #": "18920",
        "Quantity In Case Pack": "8",
        "Description": "Cleaner All Purpose 64oz Refill Pine First Force",
        "image_url": "https://regentproducts.com/images/18920.jpg",
        "url": "https://regentproducts.com/product_info.php?cPath=44&products_id=201&osCsid=6vic27276t7ak7a4rskbj4ls92"
    },
    {
        "Title": "Cleaner All Purpose 64oz Refill Lemon First Force",
        "Price": "$0.90",
        "UPC": "0-58847-18910-5",
        "Item #": "18910",
        "Quantity In Case Pack": "8",
        "Description": "Cleaner All Purpose 64oz Refill Lemon First Force",
        "image_url": "https://regentproducts.com/images/18910.jpg",
        "url": "https://regentproducts.com/product_info.php?cPath=44&products_id=200&osCsid=6vic27276t7ak7a4rskbj4ls92"
    },
    {
        "Title": "Cleaner All Purpose 64oz Refill Citrus First Force",
        "Price": "$0.90",
        "UPC": "0-58847-18940-2",
        "Item #": "18940",
        "Quantity In Case Pack": "8",
        "Description": "Cleaner All Purpose 64oz Refill Citrus First Force",
        "image_url": "https://regentproducts.com/images/18940.jpg",
        "url": "https://regentproducts.com/product_info.php?cPath=44&products_id=202&osCsid=6vic27276t7ak7a4rskbj4ls92"
    },
    {
        "Title": "Cleaner All Purpose 32oz Pine W/trigger First Force",
        "Price": "$0.90",
        "UPC": "0-58847-95020-0",
        "Item #": "95020",
        "Quantity In Case Pack": "12",
        "Description": "Cleaner All Purpose 32oz Pine W/trigger First Force",
        "image_url": "https://regentproducts.com/images/95020.jpg",
        "url": "https://regentproducts.com/product_info.php?cPath=44&products_id=1100&osCsid=6vic27276t7ak7a4rskbj4ls92"
    },
    {
        "Title": "Cleaner All Purpose 32oz Kitchen & Bath W/trigger First Force",
        "Price": "$0.90",
        "UPC": "0-58847-95030-9",
        "Item #": "95030",
        "Quantity In Case Pack": "12",
        "Description": "Cleaner All Purpose 32oz Kitchen & Bath W/trigger First Force",
        "image_url": "https://regentproducts.com/images/95030.jpg",
        "url": "https://regentproducts.com/product_info.php?cPath=44&products_id=1101&osCsid=6vic27276t7ak7a4rskbj4ls92"
    },
    {
        "Title": "Bucket Plastic W/handle 9.7l/2.5gal Rectangular Shape 3ast Colors Red/blue/grey",
        "Price": "$1.75",
        "UPC": "7-21003-41333-7",
        "Item #": "G41333T",
        "Quantity In Case Pack": "20",
        "Description": "Bucket Plastic W/handle 9.7l/2.5gal Rectangular Shape 3ast Colors Red/blue/grey",
        "image_url": "https://regentproducts.com/images/G41333T.jpg",
        "url": "https://regentproducts.com/product_info.php?cPath=44&products_id=2049&osCsid=6vic27276t7ak7a4rskbj4ls92"
    },
    {
        "Title": "Bleach Tablets 8ct Original 2-12pc Displays **no On-line Sales**",
        "Price": "$0.90",
        "UPC": "8-56568-00857-2",
        "Item #": "857",
        "Quantity In Case Pack": "24",
        "Description": "Bleach Tablets 8ct Original 2-12pc Displays **no On-line Sales**",
        "image_url": "https://regentproducts.com/images/857.jpg",
        "url": "https://regentproducts.com/product_info.php?cPath=44&products_id=1024&osCsid=6vic27276t7ak7a4rskbj4ls92"
    },
    {
        "Title": "Bathroom Tissue 4pk 150ct 2 Ply Select Poly Wrap",
        "Price": "$1.10",
        "UPC": "8-56614-00401-5",
        "Item #": "401",
        "Quantity In Case Pack": "24",
        "Description": "Bathroom Tissue 4pk 150ct 2 Ply Select Poly Wrap",
        "image_url": "https://regentproducts.com/images/401.jpg",
        "url": "https://regentproducts.com/product_info.php?cPath=44&products_id=488&osCsid=6vic27276t7ak7a4rskbj4ls92"
    },
    {
        "Title": "Bathroom Tissue 12pk 2ply 200 Sheets Only Home",
        "Price": "$4.50",
        "UPC": "EAN# SEE N2-4",
        "Item #": "OHTP12",
        "Quantity In Case Pack": "4",
        "Description": "Bathroom Tissue 12pk 2ply 200 Sheets Only Home",
        "image_url": "https://regentproducts.com/images/OHTP12.jpg",
        "url": "https://regentproducts.com/product_info.php?cPath=44&products_id=2825&osCsid=6vic27276t7ak7a4rskbj4ls92"
    },
    {
        "Title": "Baby Wipes 80ct Pink Baby Love",
        "Price": "$0.82",
        "UPC": "8-08829-10486-8",
        "Item #": "10486",
        "Quantity In Case Pack": "12",
        "Description": "Baby Wipes 80ct Pink Baby Love",
        "image_url": "https://regentproducts.com/images/10486.jpg",
        "url": "https://regentproducts.com/product_info.php?cPath=44&products_id=50&osCsid=6vic27276t7ak7a4rskbj4ls92"
    },